,Wk,Home,Score,Away,season
0,1.0,Manchester Utd,1–0,Tottenham,15
1,1.0,Leicester City,4–2,Sunderland,15
2,1.0,Everton,2–2,Watford,15
3,1.0,Norwich City,1–3,Crystal Palace,15
4,1.0,Bournemouth,0–1,Aston Villa,15
5,1.0,Chelsea,2–2,Swansea City,15
6,1.0,Arsenal,0–2,West Ham,15
7,1.0,Newcastle Utd,2–2,Southampton,15
8,1.0,Stoke City,0–1,Liverpool,15
9,1.0,West Brom,0–3,Manchester City,15
10,2.0,Aston Villa,0–1,Manchester Utd,15
11,2.0,Southampton,0–3,Everton,15
12,2.0,Sunderland,1–3,Norwich City,15
13,2.0,Watford,0–0,West Brom,15
14,2.0,Tottenham,2–2,Stoke City,15
15,2.0,West Ham,1–2,Leicester City,15
16,2.0,Swansea City,2–0,Newcastle Utd,15
17,2.0,Crystal Palace,1–2,Arsenal,15
18,2.0,Manchester City,3–0,Chelsea,15
19,2.0,Liverpool,1–0,Bournemouth,15
20,3.0,Manchester Utd,0–0,Newcastle Utd,15
21,3.0,Sunderland,1–1,Swansea City,15
22,3.0,Norwich City,1–1,Stoke City,15
23,3.0,West Ham,3–4,Bournemouth,15
24,3.0,Leicester City,1–1,Tottenham,15
25,3.0,Crystal Palace,2–1,Aston Villa,15
26,3.0,West Brom,2–3,Chelsea,15
27,3.0,Watford,0–0,Southampton,15
28,3.0,Everton,0–2,Manchester City,15
29,3.0,Arsenal,0–0,Liverpool,15
30,4.0,Newcastle Utd,0–1,Arsenal,15
31,4.0,Bournemouth,1–1,Leicester City,15
32,4.0,Aston Villa,2–2,Sunderland,15
33,4.0,Chelsea,1–2,Crystal Palace,15
34,4.0,Manchester City,2–0,Watford,15
35,4.0,Liverpool,0–3,West Ham,15
36,4.0,Stoke City,0–1,West Brom,15
37,4.0,Tottenham,0–0,Everton,15
38,4.0,Southampton,3–0,Norwich City,15
39,4.0,Swansea City,2–1,Manchester Utd,15
40,5.0,Everton,3–1,Chelsea,15
41,5.0,West Brom,0–0,Southampton,15
42,5.0,Arsenal,2–0,Stoke City,15
43,5.0,Watford,1–0,Swansea City,15
44,5.0,Norwich City,3–1,Bournemouth,15
45,5.0,Crystal Palace,0–1,Manchester City,15
46,5.0,Manchester Utd,3–1,Liverpool,15
47,5.0,Sunderland,0–1,Tottenham,15
48,5.0,Leicester City,3–2,Aston Villa,15
49,5.0,West Ham,2–0,Newcastle Utd,15
50,6.0,Chelsea,2–0,Arsenal,15
51,6.0,Newcastle Utd,1–2,Watford,15
52,6.0,Stoke City,2–2,Leicester City,15
53,6.0,Swansea City,0–0,Everton,15
54,6.0,Aston Villa,0–1,West Brom,15
55,6.0,Bournemouth,2–0,Sunderland,15
56,6.0,Manchester City,1–2,West Ham,15
57,6.0,Tottenham,1–0,Crystal Palace,15
58,6.0,Southampton,2–3,Manchester Utd,15
59,6.0,Liverpool,1–1,Norwich City,15
60,7.0,Tottenham,4–1,Manchester City,15
61,7.0,Manchester Utd,3–0,Sunderland,15
62,7.0,Leicester City,2–5,Arsenal,15
63,7.0,West Ham,2–2,Norwich City,15
64,7.0,Liverpool,3–2,Aston Villa,15
65,7.0,Stoke City,2–1,Bournemouth,15
66,7.0,Southampton,3–1,Swansea City,15
67,7.0,Newcastle Utd,2–2,Chelsea,15
68,7.0,Watford,0–1,Crystal Palace,15
69,7.0,West Brom,2–3,Everton,15
70,8.0,Crystal Palace,2–0,West Brom,15
71,8.0,Sunderland,2–2,West Ham,15
72,8.0,Norwich City,1–2,Leicester City,15
73,8.0,Manchester City,6–1,Newcastle Utd,15
74,8.0,Aston Villa,0–1,Stoke City,15
75,8.0,Bournemouth,1–1,Watford,15
76,8.0,Chelsea,1–3,Southampton,15
77,8.0,Everton,1–1,Liverpool,15
78,8.0,Swansea City,2–2,Tottenham,15
79,8.0,Arsenal,3–0,Manchester Utd,15
80,9.0,Tottenham,0–0,Liverpool,15
81,9.0,Crystal Palace,1–3,West Ham,15
82,9.0,Everton,0–3,Manchester Utd,15
83,9.0,Manchester City,5–1,Bournemouth,15
84,9.0,Chelsea,2–0,Aston Villa,15
85,9.0,Southampton,2–2,Leicester City,15
86,9.0,West Brom,1–0,Sunderland,15
87,9.0,Watford,0–3,Arsenal,15
88,9.0,Newcastle Utd,6–2,Norwich City,15
89,9.0,Swansea City,0–1,Stoke City,15
90,10.0,West Ham,2–1,Chelsea,15
91,10.0,Aston Villa,1–2,Swansea City,15
92,10.0,Leicester City,1–0,Crystal Palace,15
93,10.0,Norwich City,0–1,West Brom,15
94,10.0,Stoke City,0–2,Watford,15
95,10.0,Arsenal,2–1,Everton,15
96,10.0,Sunderland,3–0,Newcastle Utd,15
97,10.0,Bournemouth,1–5,Tottenham,15
98,10.0,Manchester Utd,0–0,Manchester City,15
99,10.0,Liverpool,1–1,Southampton,15
100,11.0,Chelsea,1–3,Liverpool,15
101,11.0,West Brom,2–3,Leicester City,15
102,11.0,Manchester City,2–1,Norwich City,15
103,11.0,Swansea City,0–3,Arsenal,15
104,11.0,Newcastle Utd,0–0,Stoke City,15
105,11.0,Crystal Palace,0–0,Manchester Utd,15
106,11.0,Watford,2–0,West Ham,15
107,11.0,Everton,6–2,Sunderland,15
108,11.0,Southampton,2–0,Bournemouth,15
109,11.0,Tottenham,3–1,Aston Villa,15
110,12.0,Bournemouth,0–1,Newcastle Utd,15
111,12.0,Leicester City,2–1,Watford,15
112,12.0,Manchester Utd,2–0,West Brom,15
113,12.0,Sunderland,0–1,Southampton,15
114,12.0,Norwich City,1–0,Swansea City,15
115,12.0,West Ham,1–1,Everton,15
116,12.0,Stoke City,1–0,Chelsea,15
117,12.0,Aston Villa,0–0,Manchester City,15
118,12.0,Arsenal,1–1,Tottenham,15
119,12.0,Liverpool,1–2,Crystal Palace,15
120,13.0,Watford,1–2,Manchester Utd,15
121,13.0,West Brom,2–1,Arsenal,15
122,13.0,Everton,4–0,Aston Villa,15
123,13.0,Chelsea,1–0,Norwich City,15
124,13.0,Newcastle Utd,0–3,Leicester City,15
125,13.0,Southampton,0–1,Stoke City,15
126,13.0,Swansea City,2–2,Bournemouth,15
127,13.0,Manchester City,1–4,Liverpool,15
128,13.0,Tottenham,4–1,West Ham,15
129,13.0,Crystal Palace,0–1,Sunderland,15
130,14.0,Bournemouth,3–3,Everton,15
131,14.0,Aston Villa,2–3,Watford,15
132,14.0,Manchester City,3–1,Southampton,15
133,14.0,Crystal Palace,5–1,Newcastle Utd,15
134,14.0,Sunderland,2–0,Stoke City,15
135,14.0,Leicester City,1–1,Manchester Utd,15
136,14.0,Tottenham,0–0,Chelsea,15
137,14.0,West Ham,1–1,West Brom,15
138,14.0,Liverpool,1–0,Swansea City,15
139,14.0,Norwich City,1–1,Arsenal,15
140,15.0,Stoke City,2–0,Manchester City,15
141,15.0,Arsenal,3–1,Sunderland,15
142,15.0,West Brom,1–1,Tottenham,15
143,15.0,Watford,2–0,Norwich City,15
144,15.0,Southampton,1–1,Aston Villa,15
145,15.0,Swansea City,0–3,Leicester City,15
146,15.0,Manchester Utd,0–0,West Ham,15
147,15.0,Chelsea,0–1,Bournemouth,15
148,15.0,Newcastle Utd,2–0,Liverpool,15
149,15.0,Everton,1–1,Crystal Palace,15
150,16.0,Norwich City,1–1,Everton,15
151,16.0,West Ham,0–0,Stoke City,15
152,16.0,Crystal Palace,1–0,Southampton,15
153,16.0,Manchester City,2–1,Swansea City,15
154,16.0,Sunderland,0–1,Watford,15
155,16.0,Bournemouth,2–1,Manchester Utd,15
156,16.0,Aston Villa,0–2,Arsenal,15
157,16.0,Liverpool,2–2,West Brom,15
158,16.0,Tottenham,1–2,Newcastle Utd,15
159,16.0,Leicester City,2–1,Chelsea,15
160,17.0,Southampton,0–2,Tottenham,15
161,17.0,Chelsea,3–1,Sunderland,15
162,17.0,West Brom,1–2,Bournemouth,15
163,17.0,Everton,2–3,Leicester City,15
164,17.0,Stoke City,1–2,Crystal Palace,15
165,17.0,Manchester Utd,1–2,Norwich City,15
166,17.0,Newcastle Utd,1–1,Aston Villa,15
167,17.0,Watford,3–0,Liverpool,15
168,17.0,Swansea City,0–0,West Ham,15
169,17.0,Arsenal,2–1,Manchester City,15
170,18.0,Stoke City,2–0,Manchester Utd,15
171,18.0,Manchester City,4–1,Sunderland,15
172,18.0,Liverpool,1–0,Leicester City,15
173,18.0,Bournemouth,0–0,Crystal Palace,15
174,18.0,Tottenham,3–0,Norwich City,15
175,18.0,Aston Villa,1–1,West Ham,15
176,18.0,Swansea City,1–0,West Brom,15
177,18.0,Chelsea,2–2,Watford,15
178,18.0,Newcastle Utd,0–1,Everton,15
179,18.0,Southampton,4–0,Arsenal,15
180,19.0,West Brom,1–0,Newcastle Utd,15
181,19.0,Everton,3–4,Stoke City,15
182,19.0,Crystal Palace,0–0,Swansea City,15
183,19.0,Norwich City,2–0,Aston Villa,15
184,19.0,Watford,1–2,Tottenham,15
185,19.0,Manchester Utd,0–0,Chelsea,15
186,19.0,Arsenal,2–0,Bournemouth,15
187,19.0,West Ham,2–1,Southampton,15
188,19.0,Leicester City,0–0,Manchester City,15
189,19.0,Sunderland,0–1,Liverpool,15
190,20.0,West Ham,2–0,Liverpool,15
191,20.0,Arsenal,1–0,Newcastle Utd,15
192,20.0,West Brom,2–1,Stoke City,15
193,20.0,Norwich City,1–0,Southampton,15
194,20.0,Leicester City,0–0,Bournemouth,15
195,20.0,Sunderland,3–1,Aston Villa,15
196,20.0,Manchester Utd,2–1,Swansea City,15
197,20.0,Watford,1–2,Manchester City,15
198,20.0,Crystal Palace,0–3,Chelsea,15
199,20.0,Everton,1–1,Tottenham,15
200,21.0,Aston Villa,1–0,Crystal Palace,15
201,21.0,Newcastle Utd,3–3,Manchester Utd,15
202,21.0,Bournemouth,1–3,West Ham,15
203,21.0,Southampton,2–0,Watford,15
204,21.0,Swansea City,2–4,Sunderland,15
205,21.0,Chelsea,2–2,West Brom,15
206,21.0,Stoke City,3–1,Norwich City,15
207,21.0,Manchester City,0–0,Everton,15
208,21.0,Tottenham,0–1,Leicester City,15
209,21.0,Liverpool,3–3,Arsenal,15
210,22.0,Tottenham,4–1,Sunderland,15
211,22.0,Newcastle Utd,2–1,West Ham,15
212,22.0,Chelsea,3–3,Everton,15
213,22.0,Bournemouth,3–0,Norwich City,15
214,22.0,Manchester City,4–0,Crystal Palace,15
215,22.0,Southampton,3–0,West Brom,15
216,22.0,Aston Villa,1–1,Leicester City,15
217,22.0,Liverpool,0–1,Manchester Utd,15
218,22.0,Stoke City,0–0,Arsenal,15
219,22.0,Swansea City,1–0,Watford,15
220,23.0,Norwich City,4–5,Liverpool,15
221,23.0,Crystal Palace,1–3,Tottenham,15
222,23.0,Watford,2–1,Newcastle Utd,15
223,23.0,Sunderland,1–1,Bournemouth,15
224,23.0,Leicester City,3–0,Stoke City,15
225,23.0,West Brom,0–0,Aston Villa,15
226,23.0,Manchester Utd,0–1,Southampton,15
227,23.0,West Ham,2–2,Manchester City,15
228,23.0,Everton,1–2,Swansea City,15
229,23.0,Arsenal,0–1,Chelsea,15
230,24.0,Arsenal,0–0,Southampton,15
231,24.0,West Ham,2–0,Aston Villa,15
232,24.0,Norwich City,0–3,Tottenham,15
233,24.0,Leicester City,2–0,Liverpool,15
234,24.0,Sunderland,0–1,Manchester City,15
235,24.0,West Brom,1–1,Swansea City,15
236,24.0,Crystal Palace,1–2,Bournemouth,15
237,24.0,Manchester Utd,3–0,Stoke City,15
238,24.0,Watford,0–0,Chelsea,15
239,24.0,Everton,3–0,Newcastle Utd,15
240,25.0,Manchester City,1–3,Leicester City,15
241,25.0,Tottenham,1–0,Watford,15
242,25.0,Newcastle Utd,1–0,West Brom,15
243,25.0,Stoke City,0–3,Everton,15
244,25.0,Liverpool,2–2,Sunderland,15
245,25.0,Swansea City,1–1,Crystal Palace,15
246,25.0,Aston Villa,2–0,Norwich City,15
247,25.0,Southampton,1–0,West Ham,15
248,25.0,Bournemouth,0–2,Arsenal,15
249,25.0,Chelsea,1–1,Manchester Utd,15
250,26.0,Sunderland,2–1,Manchester Utd,15
251,26.0,Everton,0–1,West Brom,15
252,26.0,Swansea City,0–1,Southampton,15
253,26.0,Bournemouth,1–3,Stoke City,15
254,26.0,Norwich City,2–2,West Ham,15
255,26.0,Crystal Palace,1–2,Watford,15
256,26.0,Chelsea,5–1,Newcastle Utd,15
257,26.0,Arsenal,2–1,Leicester City,15
258,26.0,Aston Villa,0–6,Liverpool,15
259,26.0,Manchester City,1–2,Tottenham,15
260,27.0,West Ham,1–0,Sunderland,15
261,27.0,Watford,0–0,Bournemouth,15
262,27.0,Leicester City,1–0,Norwich City,15
263,27.0,Southampton,1–2,Chelsea,15
264,27.0,Stoke City,2–1,Aston Villa,15
265,27.0,West Brom,3–2,Crystal Palace,15
266,27.0,Tottenham,2–1,Swansea City,15
267,27.0,Manchester Utd,3–2,Arsenal,15
268,27.0,Newcastle Utd,1–1,Manchester City,15
269,27.0,Liverpool,4–0,Everton,15
270,28.0,Sunderland,2–2,Crystal Palace,15
271,28.0,Leicester City,2–2,West Brom,15
272,28.0,Aston Villa,1–3,Everton,15
273,28.0,Bournemouth,2–0,Southampton,15
274,28.0,Norwich City,1–2,Chelsea,15
275,28.0,Stoke City,1–0,Newcastle Utd,15
276,28.0,West Ham,1–0,Tottenham,15
277,28.0,Arsenal,1–2,Swansea City,15
278,28.0,Manchester Utd,1–0,Watford,15
279,28.0,Liverpool,3–0,Manchester City,15
280,29.0,Tottenham,2–2,Arsenal,15
281,29.0,Everton,2–3,West Ham,15
282,29.0,Manchester City,4–0,Aston Villa,15
283,29.0,Newcastle Utd,1–3,Bournemouth,15
284,29.0,Swansea City,1–0,Norwich City,15
285,29.0,Southampton,1–1,Sunderland,15
286,29.0,Chelsea,1–1,Stoke City,15
287,29.0,Watford,0–1,Leicester City,15
288,29.0,Crystal Palace,1–2,Liverpool,15
289,29.0,West Brom,1–0,Manchester Utd,15
290,30.0,Norwich City,0–0,Manchester City,15
291,30.0,Bournemouth,3–2,Swansea City,15
292,30.0,Stoke City,1–2,Southampton,15
293,30.0,Aston Villa,0–2,Tottenham,15
294,30.0,Leicester City,1–0,Newcastle Utd,15
295,30.0,West Ham,3–1,Watford,15
296,30.0,Manchester Utd,2–0,Crystal Palace,15
297,30.0,Arsenal,2–0,West Brom,15
298,30.0,Sunderland,3–0,Everton,15
299,30.0,Liverpool,1–1,Chelsea,15
300,31.0,Everton,0–2,Arsenal,15
301,31.0,Crystal Palace,0–1,Leicester City,15
302,31.0,Watford,1–2,Stoke City,15
303,31.0,Chelsea,2–2,West Ham,15
304,31.0,West Brom,0–1,Norwich City,15
305,31.0,Swansea City,1–0,Aston Villa,15
306,31.0,Southampton,3–2,Liverpool,15
307,31.0,Newcastle Utd,1–1,Sunderland,15
308,31.0,Tottenham,3–0,Bournemouth,15
309,31.0,Manchester City,0–1,Manchester Utd,15
310,32.0,Aston Villa,0–4,Chelsea,15
311,32.0,Sunderland,0–0,West Brom,15
312,32.0,Bournemouth,0–4,Manchester City,15
313,32.0,West Ham,2–2,Crystal Palace,15
314,32.0,Stoke City,2–2,Swansea City,15
315,32.0,Norwich City,3–2,Newcastle Utd,15
316,32.0,Arsenal,4–0,Watford,15
317,32.0,Liverpool,1–1,Tottenham,15
318,32.0,Leicester City,1–0,Southampton,15
319,32.0,Manchester Utd,1–0,Everton,15
320,33.0,West Ham,3–3,Arsenal,15
321,33.0,Aston Villa,1–2,Bournemouth,15
322,33.0,Southampton,3–1,Newcastle Utd,15
323,33.0,Watford,1–1,Everton,15
324,33.0,Swansea City,1–0,Chelsea,15
325,33.0,Crystal Palace,1–0,Norwich City,15
326,33.0,Manchester City,2–1,West Brom,15
327,33.0,Sunderland,0–2,Leicester City,15
328,33.0,Tottenham,3–0,Manchester Utd,15
329,33.0,Liverpool,4–1,Stoke City,15
330,34.0,Norwich City,0–3,Sunderland,15
331,34.0,Everton,1–1,Southampton,15
332,34.0,Newcastle Utd,3–0,Swansea City,15
333,34.0,Manchester Utd,1–0,Aston Villa,15
334,34.0,West Brom,0–1,Watford,15
335,34.0,Chelsea,0–3,Manchester City,15
336,34.0,Leicester City,2–2,West Ham,15
337,34.0,Bournemouth,1–2,Liverpool,15
338,34.0,Arsenal,1–1,Crystal Palace,15
339,34.0,Stoke City,0–4,Tottenham,15
340,35.0,Crystal Palace,0–0,Everton,15
341,35.0,Manchester City,4–0,Stoke City,15
342,35.0,Liverpool,2–2,Newcastle Utd,15
343,35.0,Aston Villa,2–4,Southampton,15
344,35.0,Bournemouth,1–4,Chelsea,15
345,35.0,Sunderland,0–0,Arsenal,15
346,35.0,Leicester City,4–0,Swansea City,15
347,35.0,Tottenham,1–1,West Brom,15
348,35.0,West Ham,3–2,Manchester Utd,15
349,35.0,Norwich City,4–2,Watford,15
350,36.0,West Brom,0–3,West Ham,15
351,36.0,Everton,2–1,Bournemouth,15
352,36.0,Newcastle Utd,1–0,Crystal Palace,15
353,36.0,Stoke City,1–1,Sunderland,15
354,36.0,Watford,3–2,Aston Villa,15
355,36.0,Arsenal,1–0,Norwich City,15
356,36.0,Swansea City,3–1,Liverpool,15
357,36.0,Manchester Utd,1–1,Leicester City,15
358,36.0,Southampton,4–2,Manchester City,15
359,36.0,Chelsea,2–2,Tottenham,15
360,37.0,Norwich City,0–1,Manchester Utd,15
361,37.0,Crystal Palace,2–1,Stoke City,15
362,37.0,West Ham,1–4,Swansea City,15
363,37.0,Sunderland,3–2,Chelsea,15
364,37.0,Aston Villa,0–0,Newcastle Utd,15
365,37.0,Bournemouth,1–1,West Brom,15
366,37.0,Leicester City,3–1,Everton,15
367,37.0,Tottenham,1–2,Southampton,15
368,37.0,Liverpool,2–0,Watford,15
369,37.0,Manchester City,2–2,Arsenal,15
370,38.0,Stoke City,2–1,West Ham,15
371,38.0,Swansea City,1–1,Manchester City,15
372,38.0,Everton,3–0,Norwich City,15
373,38.0,Arsenal,4–0,Aston Villa,15
374,38.0,West Brom,1–1,Liverpool,15
375,38.0,Southampton,4–1,Crystal Palace,15
376,38.0,Newcastle Utd,5–1,Tottenham,15
377,38.0,Watford,2–2,Sunderland,15
378,38.0,Chelsea,1–1,Leicester City,15
379,38.0,Manchester Utd,3–1,Bournemouth,15
380,1.0,Hull City,2–1,Leicester City,16
381,1.0,Everton,1–1,Tottenham,16
382,1.0,Southampton,1–1,Watford,16
383,1.0,Burnley,0–1,Swansea City,16
384,1.0,Crystal Palace,0–1,West Brom,16
385,1.0,Middlesbrough,1–1,Stoke City,16
386,1.0,Manchester City,2–1,Sunderland,16
387,1.0,Bournemouth,1–3,Manchester Utd,16
388,1.0,Arsenal,3–4,Liverpool,16
389,1.0,Chelsea,2–1,West Ham,16
390,2.0,Manchester Utd,2–0,Southampton,16
391,2.0,Stoke City,1–4,Manchester City,16
392,2.0,Burnley,2–0,Liverpool,16
393,2.0,Tottenham,1–0,Crystal Palace,16
394,2.0,West Brom,1–2,Everton,16
395,2.0,Swansea City,0–2,Hull City,16
396,2.0,Watford,1–2,Chelsea,16
397,2.0,Leicester City,0–0,Arsenal,16
398,2.0,Sunderland,1–2,Middlesbrough,16
399,2.0,West Ham,1–0,Bournemouth,16
400,3.0,Tottenham,1–1,Liverpool,16
401,3.0,Watford,1–3,Arsenal,16
402,3.0,Everton,1–0,Stoke City,16
403,3.0,Southampton,1–1,Sunderland,16
404,3.0,Chelsea,3–0,Burnley,16
405,3.0,Crystal Palace,1–1,Bournemouth,16
406,3.0,Leicester City,2–1,Swansea City,16
407,3.0,Hull City,0–1,Manchester Utd,16
408,3.0,West Brom,0–0,Middlesbrough,16
409,3.0,Manchester City,3–1,West Ham,16
410,4.0,Manchester Utd,1–2,Manchester City,16
411,4.0,West Ham,2–4,Watford,16
412,4.0,Arsenal,2–1,Southampton,16
413,4.0,Middlesbrough,1–2,Crystal Palace,16
414,4.0,Bournemouth,1–0,West Brom,16
415,4.0,Stoke City,0–4,Tottenham,16
416,4.0,Burnley,1–1,Hull City,16
417,4.0,Liverpool,4–1,Leicester City,16
418,4.0,Swansea City,2–2,Chelsea,16
419,4.0,Sunderland,0–3,Everton,16
420,5.0,Chelsea,1–2,Liverpool,16
421,5.0,Leicester City,3–0,Burnley,16
422,5.0,Hull City,1–4,Arsenal,16
423,5.0,Manchester City,4–0,Bournemouth,16
424,5.0,West Brom,4–2,West Ham,16
425,5.0,Everton,3–1,Middlesbrough,16
426,5.0,Watford,3–1,Manchester Utd,16
427,5.0,Southampton,1–0,Swansea City,16
428,5.0,Crystal Palace,4–1,Stoke City,16
429,5.0,Tottenham,1–0,Sunderland,16
430,6.0,Manchester Utd,4–1,Leicester City,16
431,6.0,Stoke City,1–1,West Brom,16
432,6.0,Middlesbrough,1–2,Tottenham,16
433,6.0,Swansea City,1–3,Manchester City,16
434,6.0,Bournemouth,1–0,Everton,16
435,6.0,Sunderland,2–3,Crystal Palace,16
436,6.0,Liverpool,5–1,Hull City,16
437,6.0,Arsenal,3–0,Chelsea,16
438,6.0,West Ham,0–3,Southampton,16
439,6.0,Burnley,2–0,Watford,16
440,7.0,Everton,1–1,Crystal Palace,16
441,7.0,Swansea City,1–2,Liverpool,16
442,7.0,West Ham,1–1,Middlesbrough,16
443,7.0,Hull City,0–2,Chelsea,16
444,7.0,Sunderland,1–1,West Brom,16
445,7.0,Watford,2–2,Bournemouth,16
446,7.0,Manchester Utd,1–1,Stoke City,16
447,7.0,Leicester City,0–0,Southampton,16
448,7.0,Tottenham,2–0,Manchester City,16
449,7.0,Burnley,0–1,Arsenal,16
450,8.0,Chelsea,3–0,Leicester City,16
451,8.0,Bournemouth,6–1,Hull City,16
452,8.0,Arsenal,3–2,Swansea City,16
453,8.0,Manchester City,1–1,Everton,16
454,8.0,Stoke City,2–0,Sunderland,16
455,8.0,West Brom,1–1,Tottenham,16
456,8.0,Crystal Palace,0–1,West Ham,16
457,8.0,Middlesbrough,0–1,Watford,16
458,8.0,Southampton,3–1,Burnley,16
459,8.0,Liverpool,0–0,Manchester Utd,16
460,9.0,Bournemouth,0–0,Tottenham,16
461,9.0,Burnley,2–1,Everton,16
462,9.0,Swansea City,0–0,Watford,16
463,9.0,Hull City,0–2,Stoke City,16
464,9.0,Leicester City,3–1,Crystal Palace,16
465,9.0,West Ham,1–0,Sunderland,16
466,9.0,Arsenal,0–0,Middlesbrough,16
467,9.0,Liverpool,2–1,West Brom,16
468,9.0,Manchester City,1–1,Southampton,16
469,9.0,Chelsea,4–0,Manchester Utd,16
470,10.0,Sunderland,1–4,Arsenal,16
471,10.0,Tottenham,1–1,Leicester City,16
472,10.0,Middlesbrough,2–0,Bournemouth,16
473,10.0,West Brom,0–4,Manchester City,16
474,10.0,Watford,1–0,Hull City,16
475,10.0,Manchester Utd,0–0,Burnley,16
476,10.0,Crystal Palace,2–4,Liverpool,16
477,10.0,Everton,2–0,West Ham,16
478,10.0,Southampton,0–2,Chelsea,16
479,10.0,Stoke City,3–1,Swansea City,16
480,11.0,Manchester City,1–1,Middlesbrough,16
481,11.0,Burnley,3–2,Crystal Palace,16
482,11.0,West Ham,1–1,Stoke City,16
483,11.0,Bournemouth,1–2,Sunderland,16
484,11.0,Chelsea,5–0,Everton,16
485,11.0,Arsenal,1–1,Tottenham,16
486,11.0,Hull City,2–1,Southampton,16
487,11.0,Liverpool,6–1,Watford,16
488,11.0,Swansea City,1–3,Manchester Utd,16
489,11.0,Leicester City,1–2,West Brom,16
490,12.0,Manchester Utd,1–1,Arsenal,16
491,12.0,Everton,1–1,Swansea City,16
492,12.0,Crystal Palace,1–2,Manchester City,16
493,12.0,Southampton,0–0,Liverpool,16
494,12.0,Watford,2–1,Leicester City,16
495,12.0,Stoke City,0–1,Bournemouth,16
496,12.0,Sunderland,3–0,Hull City,16
497,12.0,Tottenham,3–2,West Ham,16
498,12.0,Middlesbrough,0–1,Chelsea,16
499,12.0,West Brom,4–0,Burnley,16
500,13.0,Burnley,1–2,Manchester City,16
501,13.0,Liverpool,2–0,Sunderland,16
502,13.0,Leicester City,2–2,Middlesbrough,16
503,13.0,Hull City,1–1,West Brom,16
504,13.0,Swansea City,5–4,Crystal Palace,16
505,13.0,Chelsea,2–1,Tottenham,16
506,13.0,Watford,0–1,Stoke City,16
507,13.0,Arsenal,3–1,Bournemouth,16
508,13.0,Manchester Utd,1–1,West Ham,16
509,13.0,Southampton,1–0,Everton,16
510,14.0,Manchester City,1–3,Chelsea,16
511,14.0,Sunderland,2–1,Leicester City,16
512,14.0,Crystal Palace,3–0,Southampton,16
513,14.0,West Brom,3–1,Watford,16
514,14.0,Stoke City,2–0,Burnley,16
515,14.0,Tottenham,5–0,Swansea City,16
516,14.0,West Ham,1–5,Arsenal,16
517,14.0,Bournemouth,4–3,Liverpool,16
518,14.0,Everton,1–1,Manchester Utd,16
519,14.0,Middlesbrough,1–0,Hull City,16
520,15.0,Watford,3–2,Everton,16
521,15.0,Burnley,3–2,Bournemouth,16
522,15.0,Swansea City,3–0,Sunderland,16
523,15.0,Arsenal,3–1,Stoke City,16
524,15.0,Hull City,3–3,Crystal Palace,16
525,15.0,Leicester City,4–2,Manchester City,16
526,15.0,Chelsea,1–0,West Brom,16
527,15.0,Southampton,1–0,Middlesbrough,16
528,15.0,Manchester Utd,1–0,Tottenham,16
529,15.0,Liverpool,2–2,West Ham,16
530,16.0,Everton,2–1,Arsenal,16
531,16.0,Bournemouth,1–0,Leicester City,16
532,16.0,West Ham,1–0,Burnley,16
533,16.0,Sunderland,0–1,Chelsea,16
534,16.0,Middlesbrough,0–3,Liverpool,16
535,16.0,West Brom,3–1,Swansea City,16
536,16.0,Crystal Palace,1–2,Manchester Utd,16
537,16.0,Manchester City,2–0,Watford,16
538,16.0,Tottenham,3–0,Hull City,16
539,16.0,Stoke City,0–0,Southampton,16
540,17.0,Crystal Palace,0–1,Chelsea,16
541,17.0,Middlesbrough,3–0,Swansea City,16
542,17.0,Stoke City,2–2,Leicester City,16
543,17.0,Sunderland,1–0,Watford,16
544,17.0,West Ham,1–0,Hull City,16
545,17.0,West Brom,0–2,Manchester Utd,16
546,17.0,Bournemouth,1–3,Southampton,16
547,17.0,Manchester City,2–1,Arsenal,16
548,17.0,Tottenham,2–1,Burnley,16
549,17.0,Everton,0–1,Liverpool,16
550,18.0,Watford,1–1,Crystal Palace,16
551,18.0,Chelsea,3–0,Bournemouth,16
552,18.0,Swansea City,1–4,West Ham,16
553,18.0,Burnley,1–0,Middlesbrough,16
554,18.0,Arsenal,1–0,West Brom,16
555,18.0,Leicester City,0–2,Everton,16
556,18.0,Manchester Utd,3–1,Sunderland,16
557,18.0,Hull City,0–3,Manchester City,16
558,18.0,Liverpool,4–1,Stoke City,16
559,18.0,Southampton,1–4,Tottenham,16
560,19.0,Hull City,2–2,Everton,16
561,19.0,Burnley,4–1,Sunderland,16
562,19.0,Southampton,1–2,West Brom,16
563,19.0,Leicester City,1–0,West Ham,16
564,19.0,Manchester Utd,2–1,Middlesbrough,16
565,19.0,Swansea City,0–3,Bournemouth,16
566,19.0,Chelsea,4–2,Stoke City,16
567,19.0,Liverpool,1–0,Manchester City,16
568,19.0,Watford,1–4,Tottenham,16
569,19.0,Arsenal,2–0,Crystal Palace,16
570,20.0,Middlesbrough,0–0,Leicester City,16
571,20.0,West Brom,3–1,Hull City,16
572,20.0,Sunderland,2–2,Liverpool,16
573,20.0,Everton,3–0,Southampton,16
574,20.0,Manchester City,2–1,Burnley,16
575,20.0,West Ham,0–2,Manchester Utd,16
576,20.0,Bournemouth,3–3,Arsenal,16
577,20.0,Crystal Palace,1–2,Swansea City,16
578,20.0,Stoke City,2–0,Watford,16
579,20.0,Tottenham,2–0,Chelsea,16
580,21.0,Tottenham,4–0,West Brom,16
581,21.0,Sunderland,1–3,Stoke City,16
582,21.0,Hull City,3–1,Bournemouth,16
583,21.0,West Ham,3–0,Crystal Palace,16
584,21.0,Swansea City,0–4,Arsenal,16
585,21.0,Watford,0–0,Middlesbrough,16
586,21.0,Burnley,1–0,Southampton,16
587,21.0,Leicester City,0–3,Chelsea,16
588,21.0,Everton,4–0,Manchester City,16
589,21.0,Manchester Utd,1–1,Liverpool,16
590,22.0,Liverpool,2–3,Swansea City,16
591,22.0,Crystal Palace,0–1,Everton,16
592,22.0,Bournemouth,2–2,Watford,16
593,22.0,Stoke City,1–1,Manchester Utd,16
594,22.0,West Brom,2–0,Sunderland,16
595,22.0,Middlesbrough,1–3,West Ham,16
596,22.0,Manchester City,2–2,Tottenham,16
597,22.0,Southampton,3–0,Leicester City,16
598,22.0,Arsenal,2–1,Burnley,16
599,22.0,Chelsea,2–0,Hull City,16
600,23.0,Bournemouth,0–2,Crystal Palace,16
601,23.0,Arsenal,1–2,Watford,16
602,23.0,Burnley,1–0,Leicester City,16
603,23.0,Sunderland,0–0,Tottenham,16
604,23.0,Middlesbrough,1–1,West Brom,16
605,23.0,Swansea City,2–1,Southampton,16
606,23.0,Liverpool,1–1,Chelsea,16
607,23.0,West Ham,0–4,Manchester City,16
608,23.0,Stoke City,1–1,Everton,16
609,23.0,Manchester Utd,0–0,Hull City,16
610,24.0,Chelsea,3–1,Arsenal,16
611,24.0,Watford,2–1,Burnley,16
612,24.0,Everton,6–3,Bournemouth,16
613,24.0,Crystal Palace,0–4,Sunderland,16
614,24.0,West Brom,1–0,Stoke City,16
615,24.0,Southampton,1–3,West Ham,16
616,24.0,Hull City,2–0,Liverpool,16
617,24.0,Tottenham,1–0,Middlesbrough,16
618,24.0,Manchester City,2–1,Swansea City,16
619,24.0,Leicester City,0–3,Manchester Utd,16
620,25.0,Arsenal,2–0,Hull City,16
621,25.0,Manchester Utd,2–0,Watford,16
622,25.0,Stoke City,1–0,Crystal Palace,16
623,25.0,Middlesbrough,0–0,Everton,16
624,25.0,West Ham,2–2,West Brom,16
625,25.0,Sunderland,0–4,Southampton,16
626,25.0,Liverpool,2–0,Tottenham,16
627,25.0,Burnley,1–1,Chelsea,16
628,25.0,Swansea City,2–0,Leicester City,16
629,25.0,Bournemouth,0–2,Manchester City,16
630,26.0,Chelsea,3–1,Swansea City,16
631,26.0,Everton,2–0,Sunderland,16
632,26.0,Crystal Palace,1–0,Middlesbrough,16
633,26.0,Hull City,1–1,Burnley,16
634,26.0,West Brom,2–1,Bournemouth,16
635,26.0,Watford,1–1,West Ham,16
636,26.0,Tottenham,4–0,Stoke City,16
637,26.0,Leicester City,3–1,Liverpool,16
638,26.0,Manchester City,0–0,Manchester Utd,16
639,26.0,Southampton,0–2,Arsenal,16
640,27.0,Manchester Utd,1–1,Bournemouth,16
641,27.0,Stoke City,2–0,Middlesbrough,16
642,27.0,Leicester City,3–1,Hull City,16
643,27.0,Swansea City,3–2,Burnley,16
644,27.0,West Brom,0–2,Crystal Palace,16
645,27.0,Watford,3–4,Southampton,16
646,27.0,Liverpool,3–1,Arsenal,16
647,27.0,Tottenham,3–2,Everton,16
648,27.0,Sunderland,0–2,Manchester City,16
649,27.0,West Ham,1–2,Chelsea,16
650,28.0,Manchester City,0–0,Stoke City,16
651,28.0,Bournemouth,3–2,West Ham,16
652,28.0,Hull City,2–1,Swansea City,16
653,28.0,Everton,3–0,West Brom,16
654,28.0,Liverpool,2–1,Burnley,16
655,28.0,Middlesbrough,1–0,Sunderland,16
656,28.0,Arsenal,1–0,Leicester City,16
657,28.0,Crystal Palace,0–1,Tottenham,16
658,28.0,Chelsea,4–3,Watford,16
659,28.0,Southampton,0–0,Manchester Utd,16
660,29.0,West Brom,3–1,Arsenal,16
661,29.0,Sunderland,0–0,Burnley,16
662,29.0,Everton,4–0,Hull City,16
663,29.0,West Ham,2–3,Leicester City,16
664,29.0,Crystal Palace,1–0,Watford,16
665,29.0,Stoke City,1–2,Chelsea,16
666,29.0,Bournemouth,2–0,Swansea City,16
667,29.0,Middlesbrough,1–3,Manchester Utd,16
668,29.0,Tottenham,2–1,Southampton,16
669,29.0,Manchester City,1–1,Liverpool,16
670,30.0,Liverpool,3–1,Everton,16
671,30.0,Manchester Utd,0–0,West Brom,16
672,30.0,Hull City,2–1,West Ham,16
673,30.0,Chelsea,1–2,Crystal Palace,16
674,30.0,Burnley,0–2,Tottenham,16
675,30.0,Watford,1–0,Sunderland,16
676,30.0,Leicester City,2–0,Stoke City,16
677,30.0,Southampton,0–0,Bournemouth,16
678,30.0,Swansea City,0–0,Middlesbrough,16
679,30.0,Arsenal,2–2,Manchester City,16
680,31.0,Leicester City,2–0,Sunderland,16
681,31.0,Watford,2–0,West Brom,16
682,31.0,Burnley,1–0,Stoke City,16
683,31.0,Manchester Utd,1–1,Everton,16
684,31.0,Southampton,3–1,Crystal Palace,16
685,31.0,Arsenal,3–0,West Ham,16
686,31.0,Hull City,4–2,Middlesbrough,16
687,31.0,Swansea City,1–3,Tottenham,16
688,31.0,Chelsea,2–1,Manchester City,16
689,31.0,Liverpool,2–2,Bournemouth,16
690,32.0,Tottenham,4–0,Watford,16
691,32.0,Stoke City,1–2,Liverpool,16
692,32.0,West Brom,0–1,Southampton,16
693,32.0,West Ham,1–0,Swansea City,16
694,32.0,Manchester City,3–1,Hull City,16
695,32.0,Middlesbrough,0–0,Burnley,16
696,32.0,Bournemouth,1–3,Chelsea,16
697,32.0,Sunderland,0–3,Manchester Utd,16
698,32.0,Everton,4–2,Leicester City,16
699,32.0,Crystal Palace,3–0,Arsenal,16
700,33.0,Tottenham,4–0,Bournemouth,16
701,33.0,Crystal Palace,2–2,Leicester City,16
702,33.0,Everton,3–1,Burnley,16
703,33.0,Watford,1–0,Swansea City,16
704,33.0,Stoke City,3–1,Hull City,16
705,33.0,Sunderland,2–2,West Ham,16
706,33.0,Southampton,0–3,Manchester City,16
707,33.0,West Brom,0–1,Liverpool,16
708,33.0,Manchester Utd,2–0,Chelsea,16
709,33.0,Middlesbrough,1–2,Arsenal,16
710,34.0,West Ham,0–0,Everton,16
711,34.0,Swansea City,2–0,Stoke City,16
712,34.0,Hull City,2–0,Watford,16
713,34.0,Bournemouth,4–0,Middlesbrough,16
714,34.0,Burnley,0–2,Manchester Utd,16
715,34.0,Liverpool,1–2,Crystal Palace,16
716,34.0,Chelsea,4–2,Southampton,16
717,34.0,Arsenal,2–0,Sunderland,16
718,34.0,Manchester City,3–1,West Brom,16
719,34.0,Leicester City,1–6,Tottenham,16
720,35.0,Sunderland,0–1,Bournemouth,16
721,35.0,West Brom,0–1,Leicester City,16
722,35.0,Southampton,0–0,Hull City,16
723,35.0,Stoke City,0–0,West Ham,16
724,35.0,Crystal Palace,0–2,Burnley,16
725,35.0,Manchester Utd,1–1,Swansea City,16
726,35.0,Middlesbrough,2–2,Manchester City,16
727,35.0,Everton,0–3,Chelsea,16
728,35.0,Tottenham,2–0,Arsenal,16
729,35.0,Watford,0–1,Liverpool,16
730,36.0,West Ham,1–0,Tottenham,16
731,36.0,Manchester City,5–0,Crystal Palace,16
732,36.0,Hull City,0–2,Sunderland,16
733,36.0,Bournemouth,2–2,Stoke City,16
734,36.0,Burnley,2–2,West Brom,16
735,36.0,Leicester City,3–0,Watford,16
736,36.0,Swansea City,1–0,Everton,16
737,36.0,Liverpool,0–0,Southampton,16
738,36.0,Arsenal,2–0,Manchester Utd,16
739,36.0,Chelsea,3–0,Middlesbrough,16
740,37.0,Everton,1–0,Watford,16
741,37.0,West Brom,0–1,Chelsea,16
742,37.0,Manchester City,2–1,Leicester City,16
743,37.0,Sunderland,0–2,Swansea City,16
744,37.0,Bournemouth,2–1,Burnley,16
745,37.0,Middlesbrough,1–2,Southampton,16
746,37.0,Stoke City,1–4,Arsenal,16
747,37.0,Crystal Palace,4–0,Hull City,16
748,37.0,West Ham,0–4,Liverpool,16
749,37.0,Tottenham,2–1,Manchester Utd,16
750,38.0,Watford,0–5,Manchester City,16
751,38.0,Southampton,0–1,Stoke City,16
752,38.0,Chelsea,5–1,Sunderland,16
753,38.0,Burnley,1–2,West Ham,16
754,38.0,Hull City,1–7,Tottenham,16
755,38.0,Leicester City,1–1,Bournemouth,16
756,38.0,Manchester Utd,2–0,Crystal Palace,16
757,38.0,Swansea City,2–1,West Brom,16
758,38.0,Liverpool,3–0,Middlesbrough,16
759,38.0,Arsenal,3–1,Everton,16
760,1.0,Arsenal,4–3,Leicester City,17
761,1.0,Watford,3–3,Liverpool,17
762,1.0,Everton,1–0,Stoke City,17
763,1.0,Crystal Palace,0–3,Huddersfield,17
764,1.0,Southampton,0–0,Swansea City,17
765,1.0,West Brom,1–0,Bournemouth,17
766,1.0,Chelsea,2–3,Burnley,17
767,1.0,Brighton,0–2,Manchester City,17
768,1.0,Newcastle Utd,0–2,Tottenham,17
769,1.0,Manchester Utd,4–0,West Ham,17
770,2.0,Swansea City,0–4,Manchester Utd,17
771,2.0,Bournemouth,0–2,Watford,17
772,2.0,Leicester City,2–0,Brighton,17
773,2.0,Burnley,0–1,West Brom,17
774,2.0,Southampton,3–2,West Ham,17
775,2.0,Liverpool,1–0,Crystal Palace,17
776,2.0,Stoke City,1–0,Arsenal,17
777,2.0,Huddersfield,1–0,Newcastle Utd,17
778,2.0,Tottenham,1–2,Chelsea,17
779,2.0,Manchester City,1–1,Everton,17
780,3.0,Bournemouth,1–2,Manchester City,17
781,3.0,Watford,0–0,Brighton,17
782,3.0,Crystal Palace,0–2,Swansea City,17
783,3.0,Huddersfield,0–0,Southampton,17
784,3.0,Newcastle Utd,3–0,West Ham,17
785,3.0,Manchester Utd,2–0,Leicester City,17
786,3.0,Chelsea,2–0,Everton,17
787,3.0,West Brom,1–1,Stoke City,17
788,3.0,Liverpool,4–0,Arsenal,17
789,3.0,Tottenham,1–1,Burnley,17
790,4.0,Manchester City,5–0,Liverpool,17
791,4.0,Everton,0–3,Tottenham,17
792,4.0,Brighton,3–1,West Brom,17
793,4.0,Leicester City,1–2,Chelsea,17
794,4.0,Arsenal,3–0,Bournemouth,17
795,4.0,Southampton,0–2,Watford,17
796,4.0,Stoke City,2–2,Manchester Utd,17
797,4.0,Burnley,1–0,Crystal Palace,17
798,4.0,Swansea City,0–1,Newcastle Utd,17
799,4.0,West Ham,2–0,Huddersfield,17
800,5.0,Bournemouth,2–1,Brighton,17
801,5.0,Crystal Palace,0–1,Southampton,17
802,5.0,Watford,0–6,Manchester City,17
803,5.0,Liverpool,1–1,Burnley,17
804,5.0,West Brom,0–0,West Ham,17
805,5.0,Huddersfield,1–1,Leicester City,17
806,5.0,Newcastle Utd,2–1,Stoke City,17
807,5.0,Tottenham,0–0,Swansea City,17
808,5.0,Chelsea,0–0,Arsenal,17
809,5.0,Manchester Utd,4–0,Everton,17
810,6.0,West Ham,2–3,Tottenham,17
811,6.0,Burnley,0–0,Huddersfield,17
812,6.0,Stoke City,0–4,Chelsea,17
813,6.0,Everton,2–1,Bournemouth,17
814,6.0,Swansea City,1–2,Watford,17
815,6.0,Manchester City,5–0,Crystal Palace,17
816,6.0,Southampton,0–1,Manchester Utd,17
817,6.0,Leicester City,2–3,Liverpool,17
818,6.0,Brighton,1–0,Newcastle Utd,17
819,6.0,Arsenal,2–0,West Brom,17
820,7.0,Huddersfield,0–4,Tottenham,17
821,7.0,Bournemouth,0–0,Leicester City,17
822,7.0,Manchester Utd,4–0,Crystal Palace,17
823,7.0,West Ham,1–0,Swansea City,17
824,7.0,Stoke City,2–1,Southampton,17
825,7.0,West Brom,2–2,Watford,17
826,7.0,Chelsea,0–1,Manchester City,17
827,7.0,Arsenal,2–0,Brighton,17
828,7.0,Everton,0–1,Burnley,17
829,7.0,Newcastle Utd,1–1,Liverpool,17
830,8.0,Liverpool,0–0,Manchester Utd,17
831,8.0,Manchester City,7–2,Stoke City,17
832,8.0,Swansea City,2–0,Huddersfield,17
833,8.0,Crystal Palace,2–1,Chelsea,17
834,8.0,Burnley,1–1,West Ham,17
835,8.0,Tottenham,1–0,Bournemouth,17
836,8.0,Watford,2–1,Arsenal,17
837,8.0,Brighton,1–1,Everton,17
838,8.0,Southampton,2–2,Newcastle Utd,17
839,8.0,Leicester City,1–1,West Brom,17
840,9.0,West Ham,0–3,Brighton,17
841,9.0,Chelsea,4–2,Watford,17
842,9.0,Newcastle Utd,1–0,Crystal Palace,17
843,9.0,Swansea City,1–2,Leicester City,17
844,9.0,Manchester City,3–0,Burnley,17
845,9.0,Stoke City,1–2,Bournemouth,17
846,9.0,Huddersfield,2–1,Manchester Utd,17
847,9.0,Southampton,1–0,West Brom,17
848,9.0,Everton,2–5,Arsenal,17
849,9.0,Tottenham,4–1,Liverpool,17
850,10.0,Manchester Utd,1–0,Tottenham,17
851,10.0,Crystal Palace,2–2,West Ham,17
852,10.0,Liverpool,3–0,Huddersfield,17
853,10.0,West Brom,2–3,Manchester City,17
854,10.0,Arsenal,2–1,Swansea City,17
855,10.0,Watford,0–1,Stoke City,17
856,10.0,Bournemouth,0–1,Chelsea,17
857,10.0,Brighton,1–1,Southampton,17
858,10.0,Leicester City,2–0,Everton,17
859,10.0,Burnley,1–0,Newcastle Utd,17
860,11.0,Stoke City,2–2,Leicester City,17
861,11.0,Huddersfield,1–0,West Brom,17
862,11.0,Swansea City,0–1,Brighton,17
863,11.0,Newcastle Utd,0–1,Bournemouth,17
864,11.0,Southampton,0–1,Burnley,17
865,11.0,West Ham,1–4,Liverpool,17
866,11.0,Tottenham,1–0,Crystal Palace,17
867,11.0,Manchester City,3–1,Arsenal,17
868,11.0,Everton,3–2,Watford,17
869,11.0,Chelsea,1–0,Manchester Utd,17
870,12.0,Arsenal,2–0,Tottenham,17
871,12.0,Burnley,2–0,Swansea City,17
872,12.0,Bournemouth,4–0,Huddersfield,17
873,12.0,Crystal Palace,2–2,Everton,17
874,12.0,Leicester City,0–2,Manchester City,17
875,12.0,West Brom,0–4,Chelsea,17
876,12.0,Liverpool,3–0,Southampton,17
877,12.0,Manchester Utd,4–1,Newcastle Utd,17
878,12.0,Watford,2–0,West Ham,17
879,12.0,Brighton,2–2,Stoke City,17
880,13.0,West Ham,1–1,Leicester City,17
881,13.0,Swansea City,0–0,Bournemouth,17
882,13.0,Newcastle Utd,0–3,Watford,17
883,13.0,Manchester Utd,1–0,Brighton,17
884,13.0,Tottenham,1–1,West Brom,17
885,13.0,Crystal Palace,2–1,Stoke City,17
886,13.0,Liverpool,1–1,Chelsea,17
887,13.0,Southampton,4–1,Everton,17
888,13.0,Burnley,0–1,Arsenal,17
889,13.0,Huddersfield,1–2,Manchester City,17
890,14.0,Brighton,0–0,Crystal Palace,17
891,14.0,Leicester City,2–1,Tottenham,17
892,14.0,Watford,2–4,Manchester Utd,17
893,14.0,West Brom,2–2,Newcastle Utd,17
894,14.0,Arsenal,5–0,Huddersfield,17
895,14.0,Bournemouth,1–2,Burnley,17
896,14.0,Chelsea,1–0,Swansea City,17
897,14.0,Manchester City,2–1,Southampton,17
898,14.0,Everton,4–0,West Ham,17
899,14.0,Stoke City,0–3,Liverpool,17
900,15.0,Chelsea,3–1,Newcastle Utd,17
901,15.0,Stoke City,2–1,Swansea City,17
902,15.0,Everton,2–0,Huddersfield,17
903,15.0,West Brom,0–0,Crystal Palace,17
904,15.0,Watford,1–1,Tottenham,17
905,15.0,Brighton,1–5,Liverpool,17
906,15.0,Leicester City,1–0,Burnley,17
907,15.0,Arsenal,1–3,Manchester Utd,17
908,15.0,Bournemouth,1–1,Southampton,17
909,15.0,Manchester City,2–1,West Ham,17
910,16.0,West Ham,1–0,Chelsea,17
911,16.0,Tottenham,5–1,Stoke City,17
912,16.0,Huddersfield,2–0,Brighton,17
913,16.0,Swansea City,1–0,West Brom,17
914,16.0,Burnley,1–0,Watford,17
915,16.0,Crystal Palace,2–2,Bournemouth,17
916,16.0,Newcastle Utd,2–3,Leicester City,17
917,16.0,Southampton,1–1,Arsenal,17
918,16.0,Liverpool,1–1,Everton,17
919,16.0,Manchester Utd,1–2,Manchester City,17
920,17.0,Burnley,1–0,Stoke City,17
921,17.0,Huddersfield,1–3,Chelsea,17
922,17.0,Crystal Palace,2–1,Watford,17
923,17.0,Southampton,1–4,Leicester City,17
924,17.0,Swansea City,0–4,Manchester City,17
925,17.0,Newcastle Utd,0–1,Everton,17
926,17.0,Manchester Utd,1–0,Bournemouth,17
927,17.0,West Ham,0–0,Arsenal,17
928,17.0,Liverpool,0–0,West Brom,17
929,17.0,Tottenham,2–0,Brighton,17
930,18.0,Leicester City,0–3,Crystal Palace,17
931,18.0,Brighton,0–0,Burnley,17
932,18.0,Arsenal,1–0,Newcastle Utd,17
933,18.0,Watford,1–4,Huddersfield,17
934,18.0,Chelsea,1–0,Southampton,17
935,18.0,Stoke City,0–3,West Ham,17
936,18.0,Manchester City,4–1,Tottenham,17
937,18.0,West Brom,1–2,Manchester Utd,17
938,18.0,Bournemouth,0–4,Liverpool,17
939,18.0,Everton,3–1,Swansea City,17
940,19.0,Arsenal,3–3,Liverpool,17
941,19.0,Everton,0–0,Chelsea,17
942,19.0,Stoke City,3–1,West Brom,17
943,19.0,Manchester City,4–0,Bournemouth,17
944,19.0,Swansea City,1–1,Crystal Palace,17
945,19.0,West Ham,2–3,Newcastle Utd,17
946,19.0,Brighton,1–0,Watford,17
947,19.0,Southampton,1–1,Huddersfield,17
948,19.0,Burnley,0–3,Tottenham,17
949,19.0,Leicester City,2–2,Manchester Utd,17
950,20.0,Tottenham,5–2,Southampton,17
951,20.0,Manchester Utd,2–2,Burnley,17
952,20.0,West Brom,0–0,Everton,17
953,20.0,Watford,2–1,Leicester City,17
954,20.0,Huddersfield,1–1,Stoke City,17
955,20.0,Bournemouth,3–3,West Ham,17
956,20.0,Chelsea,2–0,Brighton,17
957,20.0,Liverpool,5–0,Swansea City,17
958,20.0,Newcastle Utd,0–1,Manchester City,17
959,20.0,Crystal Palace,2–3,Arsenal,17
960,21.0,Chelsea,5–0,Stoke City,17
961,21.0,Liverpool,2–1,Leicester City,17
962,21.0,Huddersfield,0–0,Burnley,17
963,21.0,Newcastle Utd,0–0,Brighton,17
964,21.0,Bournemouth,2–1,Everton,17
965,21.0,Watford,1–2,Swansea City,17
966,21.0,Manchester Utd,0–0,Southampton,17
967,21.0,Crystal Palace,0–0,Manchester City,17
968,21.0,West Brom,1–1,Arsenal,17
969,21.0,Tottenham,1–1,West Ham,17
970,22.0,Brighton,2–2,Bournemouth,17
971,22.0,Stoke City,0–1,Newcastle Utd,17
972,22.0,Leicester City,3–0,Huddersfield,17
973,22.0,Burnley,1–2,Liverpool,17
974,22.0,Everton,0–2,Manchester Utd,17
975,22.0,Swansea City,0–2,Tottenham,17
976,22.0,West Ham,2–1,West Brom,17
977,22.0,Southampton,1–2,Crystal Palace,17
978,22.0,Manchester City,3–1,Watford,17
979,22.0,Arsenal,2–2,Chelsea,17
980,23.0,Newcastle Utd,1–1,Swansea City,17
981,23.0,West Brom,2–0,Brighton,17
982,23.0,Huddersfield,1–4,West Ham,17
983,23.0,Chelsea,0–0,Leicester City,17
984,23.0,Crystal Palace,1–0,Burnley,17
985,23.0,Watford,2–2,Southampton,17
986,23.0,Tottenham,4–0,Everton,17
987,23.0,Bournemouth,2–1,Arsenal,17
988,23.0,Liverpool,4–3,Manchester City,17
989,23.0,Manchester Utd,3–0,Stoke City,17
990,24.0,Brighton,0–4,Chelsea,17
991,24.0,Burnley,0–1,Manchester Utd,17
992,24.0,Arsenal,4–1,Crystal Palace,17
993,24.0,Everton,1–1,West Brom,17
994,24.0,West Ham,1–1,Bournemouth,17
995,24.0,Stoke City,2–0,Huddersfield,17
996,24.0,Leicester City,2–0,Watford,17
997,24.0,Manchester City,3–1,Newcastle Utd,17
998,24.0,Southampton,1–1,Tottenham,17
999,24.0,Swansea City,1–0,Liverpool,17
1000,25.0,West Ham,1–1,Crystal Palace,17
1001,25.0,Swansea City,3–1,Arsenal,17
1002,25.0,Huddersfield,0–3,Liverpool,17
1003,25.0,Southampton,1–1,Brighton,17
1004,25.0,Chelsea,0–3,Bournemouth,17
1005,25.0,Newcastle Utd,1–1,Burnley,17
1006,25.0,Everton,2–1,Leicester City,17
1007,25.0,Tottenham,2–0,Manchester Utd,17
1008,25.0,Stoke City,0–0,Watford,17
1009,25.0,Manchester City,3–0,West Brom,17
1010,26.0,Burnley,1–1,Manchester City,17
1011,26.0,Manchester Utd,2–0,Huddersfield,17
1012,26.0,Leicester City,1–1,Swansea City,17
1013,26.0,West Brom,2–3,Southampton,17
1014,26.0,Bournemouth,2–1,Stoke City,17
1015,26.0,Brighton,3–1,West Ham,17
1016,26.0,Arsenal,5–1,Everton,17
1017,26.0,Crystal Palace,1–1,Newcastle Utd,17
1018,26.0,Liverpool,2–2,Tottenham,17
1019,26.0,Watford,4–1,Chelsea,17
1020,27.0,Tottenham,1–0,Arsenal,17
1021,27.0,Everton,3–1,Crystal Palace,17
1022,27.0,Swansea City,1–0,Burnley,17
1023,27.0,Stoke City,1–1,Brighton,17
1024,27.0,West Ham,2–0,Watford,17
1025,27.0,Manchester City,5–1,Leicester City,17
1026,27.0,Huddersfield,4–1,Bournemouth,17
1027,27.0,Newcastle Utd,1–0,Manchester Utd,17
1028,27.0,Southampton,0–2,Liverpool,17
1029,27.0,Chelsea,3–0,West Brom,17
1030,28.0,Leicester City,1–1,Stoke City,17
1031,28.0,Brighton,4–1,Swansea City,17
1032,28.0,Bournemouth,2–2,Newcastle Utd,17
1033,28.0,West Brom,1–2,Huddersfield,17
1034,28.0,Liverpool,4–1,West Ham,17
1035,28.0,Burnley,1–1,Southampton,17
1036,28.0,Watford,1–0,Everton,17
1037,28.0,Crystal Palace,0–1,Tottenham,17
1038,28.0,Manchester Utd,2–1,Chelsea,17
1039,28.0,Arsenal,0–3,Manchester City,17
1040,29.0,Burnley,2–1,Everton,17
1041,29.0,Watford,1–0,West Brom,17
1042,29.0,Leicester City,1–1,Bournemouth,17
1043,29.0,Swansea City,4–1,West Ham,17
1044,29.0,Southampton,0–0,Stoke City,17
1045,29.0,Tottenham,2–0,Huddersfield,17
1046,29.0,Liverpool,2–0,Newcastle Utd,17
1047,29.0,Brighton,2–1,Arsenal,17
1048,29.0,Manchester City,1–0,Chelsea,17
1049,29.0,Crystal Palace,2–3,Manchester Utd,17
1050,30.0,Manchester Utd,2–1,Liverpool,17
1051,30.0,Huddersfield,0–0,Swansea City,17
1052,30.0,West Brom,1–4,Leicester City,17
1053,30.0,Everton,2–0,Brighton,17
1054,30.0,West Ham,0–3,Burnley,17
1055,30.0,Newcastle Utd,3–0,Southampton,17
1056,30.0,Chelsea,2–1,Crystal Palace,17
1057,30.0,Arsenal,3–0,Watford,17
1058,30.0,Bournemouth,1–4,Tottenham,17
1059,30.0,Stoke City,0–2,Manchester City,17
1060,31.0,Huddersfield,0–2,Crystal Palace,17
1061,31.0,Bournemouth,2–1,West Brom,17
1062,31.0,Stoke City,1–2,Everton,17
1063,31.0,Liverpool,5–0,Watford,17
1064,31.0,Burnley,1–2,Chelsea,17
1065,31.0,Swansea City,0–1,Southampton,17
1066,31.0,Leicester City,3–1,Arsenal,17
1067,31.0,Tottenham,1–0,Newcastle Utd,17
1068,31.0,Manchester City,3–1,Brighton,17
1069,31.0,West Ham,0–0,Manchester Utd,17
1070,32.0,Crystal Palace,1–2,Liverpool,17
1071,32.0,West Brom,1–2,Burnley,17
1072,32.0,Manchester Utd,2–0,Swansea City,17
1073,32.0,Brighton,0–2,Leicester City,17
1074,32.0,Newcastle Utd,1–0,Huddersfield,17
1075,32.0,West Ham,3–0,Southampton,17
1076,32.0,Watford,2–2,Bournemouth,17
1077,32.0,Everton,1–3,Manchester City,17
1078,32.0,Arsenal,3–0,Stoke City,17
1079,32.0,Chelsea,1–3,Tottenham,17
1080,33.0,Everton,0–0,Liverpool,17
1081,33.0,Leicester City,1–2,Newcastle Utd,17
1082,33.0,Brighton,1–1,Huddersfield,17
1083,33.0,Stoke City,1–2,Tottenham,17
1084,33.0,West Brom,1–1,Swansea City,17
1085,33.0,Watford,1–2,Burnley,17
1086,33.0,Bournemouth,2–2,Crystal Palace,17
1087,33.0,Manchester City,2–3,Manchester Utd,17
1088,33.0,Arsenal,3–2,Southampton,17
1089,33.0,Chelsea,1–1,West Ham,17
1090,34.0,Southampton,2–3,Chelsea,17
1091,34.0,Burnley,2–1,Leicester City,17
1092,34.0,Huddersfield,1–0,Watford,17
1093,34.0,Swansea City,1–1,Everton,17
1094,34.0,Crystal Palace,3–2,Brighton,17
1095,34.0,Liverpool,3–0,Bournemouth,17
1096,34.0,Tottenham,1–3,Manchester City,17
1097,34.0,Newcastle Utd,2–1,Arsenal,17
1098,34.0,Manchester Utd,0–1,West Brom,17
1099,34.0,West Ham,1–1,Stoke City,17
1100,35.0,Brighton,1–1,Tottenham,17
1101,35.0,Bournemouth,0–2,Manchester Utd,17
1102,35.0,Leicester City,0–0,Southampton,17
1103,35.0,West Brom,2–2,Liverpool,17
1104,35.0,Watford,0–0,Crystal Palace,17
1105,35.0,Stoke City,1–1,Burnley,17
1106,35.0,Arsenal,4–1,West Ham,17
1107,35.0,Manchester City,5–0,Swansea City,17
1108,35.0,Everton,1–0,Newcastle Utd,17
1109,35.0,Chelsea,1–1,Huddersfield,17
1110,36.0,Liverpool,0–0,Stoke City,17
1111,36.0,Newcastle Utd,0–1,West Brom,17
1112,36.0,Southampton,2–1,Bournemouth,17
1113,36.0,Burnley,0–0,Brighton,17
1114,36.0,Huddersfield,0–2,Everton,17
1115,36.0,Crystal Palace,5–0,Leicester City,17
1116,36.0,Swansea City,0–1,Chelsea,17
1117,36.0,West Ham,1–4,Manchester City,17
1118,36.0,Manchester Utd,2–1,Arsenal,17
1119,36.0,Tottenham,2–0,Watford,17
1120,37.0,Brighton,1–0,Manchester Utd,17
1121,37.0,Stoke City,1–2,Crystal Palace,17
1122,37.0,Leicester City,0–2,West Ham,17
1123,37.0,West Brom,1–0,Tottenham,17
1124,37.0,Watford,2–1,Newcastle Utd,17
1125,37.0,Bournemouth,1–0,Swansea City,17
1126,37.0,Everton,1–1,Southampton,17
1127,37.0,Manchester City,0–0,Huddersfield,17
1128,37.0,Arsenal,5–0,Burnley,17
1129,37.0,Chelsea,1–0,Liverpool,17
1130,38.0,Southampton,0–1,Manchester City,17
1131,38.0,Burnley,1–2,Bournemouth,17
1132,38.0,Liverpool,4–0,Brighton,17
1133,38.0,Crystal Palace,2–0,West Brom,17
1134,38.0,Huddersfield,0–1,Arsenal,17
1135,38.0,Manchester Utd,1–0,Watford,17
1136,38.0,Swansea City,1–2,Stoke City,17
1137,38.0,Newcastle Utd,3–0,Chelsea,17
1138,38.0,West Ham,3–1,Everton,17
1139,38.0,Tottenham,5–4,Leicester City,17
1140,1.0,Manchester Utd,2–1,Leicester City,18
1141,1.0,Newcastle Utd,1–2,Tottenham,18
1142,1.0,Huddersfield,0–3,Chelsea,18
1143,1.0,Fulham,0–2,Crystal Palace,18
1144,1.0,Watford,2–0,Brighton,18
1145,1.0,Bournemouth,2–0,Cardiff City,18
1146,1.0,Wolves,2–2,Everton,18
1147,1.0,Southampton,0–0,Burnley,18
1148,1.0,Liverpool,4–0,West Ham,18
1149,1.0,Arsenal,0–2,Manchester City,18
1150,2.0,Cardiff City,0–0,Newcastle Utd,18
1151,2.0,West Ham,1–2,Bournemouth,18
1152,2.0,Everton,2–1,Southampton,18
1153,2.0,Leicester City,2–0,Wolves,18
1154,2.0,Tottenham,3–1,Fulham,18
1155,2.0,Chelsea,3–2,Arsenal,18
1156,2.0,Burnley,1–3,Watford,18
1157,2.0,Manchester City,6–1,Huddersfield,18
1158,2.0,Brighton,3–2,Manchester Utd,18
1159,2.0,Crystal Palace,0–2,Liverpool,18
1160,3.0,Wolves,1–1,Manchester City,18
1161,3.0,Arsenal,3–1,West Ham,18
1162,3.0,Huddersfield,0–0,Cardiff City,18
1163,3.0,Southampton,1–2,Leicester City,18
1164,3.0,Bournemouth,2–2,Everton,18
1165,3.0,Liverpool,1–0,Brighton,18
1166,3.0,Watford,2–1,Crystal Palace,18
1167,3.0,Newcastle Utd,1–2,Chelsea,18
1168,3.0,Fulham,4–2,Burnley,18
1169,3.0,Manchester Utd,0–3,Tottenham,18
1170,4.0,Leicester City,1–2,Liverpool,18
1171,4.0,West Ham,0–1,Wolves,18
1172,4.0,Everton,1–1,Huddersfield,18
1173,4.0,Chelsea,2–0,Bournemouth,18
1174,4.0,Brighton,2–2,Fulham,18
1175,4.0,Crystal Palace,0–2,Southampton,18
1176,4.0,Manchester City,2–1,Newcastle Utd,18
1177,4.0,Cardiff City,2–3,Arsenal,18
1178,4.0,Watford,2–1,Tottenham,18
1179,4.0,Burnley,0–2,Manchester Utd,18
1180,5.0,Tottenham,1–2,Liverpool,18
1181,5.0,Bournemouth,4–2,Leicester City,18
1182,5.0,Newcastle Utd,1–2,Arsenal,18
1183,5.0,Huddersfield,0–1,Crystal Palace,18
1184,5.0,Manchester City,3–0,Fulham,18
1185,5.0,Chelsea,4–1,Cardiff City,18
1186,5.0,Watford,1–2,Manchester Utd,18
1187,5.0,Wolves,1–0,Burnley,18
1188,5.0,Everton,1–3,West Ham,18
1189,5.0,Southampton,2–2,Brighton,18
1190,6.0,Fulham,1–1,Watford,18
1191,6.0,Cardiff City,0–5,Manchester City,18
1192,6.0,Leicester City,3–1,Huddersfield,18
1193,6.0,Crystal Palace,0–0,Newcastle Utd,18
1194,6.0,Burnley,4–0,Bournemouth,18
1195,6.0,Liverpool,3–0,Southampton,18
1196,6.0,Manchester Utd,1–1,Wolves,18
1197,6.0,Brighton,1–2,Tottenham,18
1198,6.0,West Ham,0–0,Chelsea,18
1199,6.0,Arsenal,2–0,Everton,18
1200,7.0,West Ham,3–1,Manchester Utd,18
1201,7.0,Wolves,2–0,Southampton,18
1202,7.0,Newcastle Utd,0–2,Leicester City,18
1203,7.0,Arsenal,2–0,Watford,18
1204,7.0,Huddersfield,0–2,Tottenham,18
1205,7.0,Everton,3–0,Fulham,18
1206,7.0,Manchester City,2–0,Brighton,18
1207,7.0,Chelsea,1–1,Liverpool,18
1208,7.0,Cardiff City,1–2,Burnley,18
1209,7.0,Bournemouth,2–1,Crystal Palace,18
1210,8.0,Brighton,1–0,West Ham,18
1211,8.0,Watford,0–4,Bournemouth,18
1212,8.0,Burnley,1–1,Huddersfield,18
1213,8.0,Tottenham,1–0,Cardiff City,18
1214,8.0,Crystal Palace,0–1,Wolves,18
1215,8.0,Leicester City,1–2,Everton,18
1216,8.0,Manchester Utd,3–2,Newcastle Utd,18
1217,8.0,Fulham,1–5,Arsenal,18
1218,8.0,Southampton,0–3,Chelsea,18
1219,8.0,Liverpool,0–0,Manchester City,18
1220,9.0,Chelsea,2–2,Manchester Utd,18
1221,9.0,Newcastle Utd,0–1,Brighton,18
1222,9.0,Wolves,0–2,Watford,18
1223,9.0,West Ham,0–1,Tottenham,18
1224,9.0,Manchester City,5–0,Burnley,18
1225,9.0,Bournemouth,0–0,Southampton,18
1226,9.0,Cardiff City,4–2,Fulham,18
1227,9.0,Huddersfield,0–1,Liverpool,18
1228,9.0,Everton,2–0,Crystal Palace,18
1229,9.0,Arsenal,3–1,Leicester City,18
1230,10.0,Southampton,0–0,Newcastle Utd,18
1231,10.0,Fulham,0–3,Bournemouth,18
1232,10.0,Brighton,1–0,Wolves,18
1233,10.0,Watford,3–0,Huddersfield,18
1234,10.0,Liverpool,4–1,Cardiff City,18
1235,10.0,Leicester City,1–1,West Ham,18
1236,10.0,Crystal Palace,2–2,Arsenal,18
1237,10.0,Burnley,0–4,Chelsea,18
1238,10.0,Manchester Utd,2–1,Everton,18
1239,10.0,Tottenham,0–1,Manchester City,18
1240,11.0,Bournemouth,1–2,Manchester Utd,18
1241,11.0,Newcastle Utd,1–0,Watford,18
1242,11.0,Cardiff City,0–1,Leicester City,18
1243,11.0,Everton,3–1,Brighton,18
1244,11.0,West Ham,4–2,Burnley,18
1245,11.0,Arsenal,1–1,Liverpool,18
1246,11.0,Wolves,2–3,Tottenham,18
1247,11.0,Manchester City,6–1,Southampton,18
1248,11.0,Chelsea,3–1,Crystal Palace,18
1249,11.0,Huddersfield,1–0,Fulham,18
1250,12.0,Cardiff City,2–1,Brighton,18
1251,12.0,Southampton,1–1,Watford,18
1252,12.0,Leicester City,0–0,Burnley,18
1253,12.0,Huddersfield,1–1,West Ham,18
1254,12.0,Newcastle Utd,2–1,Bournemouth,18
1255,12.0,Crystal Palace,0–1,Tottenham,18
1256,12.0,Liverpool,2–0,Fulham,18
1257,12.0,Chelsea,0–0,Everton,18
1258,12.0,Manchester City,3–1,Manchester Utd,18
1259,12.0,Arsenal,1–1,Wolves,18
1260,13.0,West Ham,0–4,Manchester City,18
1261,13.0,Manchester Utd,0–0,Crystal Palace,18
1262,13.0,Fulham,3–2,Southampton,18
1263,13.0,Everton,1–0,Cardiff City,18
1264,13.0,Brighton,1–1,Leicester City,18
1265,13.0,Watford,0–3,Liverpool,18
1266,13.0,Tottenham,3–1,Chelsea,18
1267,13.0,Bournemouth,1–2,Arsenal,18
1268,13.0,Wolves,0–2,Huddersfield,18
1269,13.0,Burnley,1–2,Newcastle Utd,18
1270,14.0,Cardiff City,2–1,Wolves,18
1271,14.0,Leicester City,2–0,Watford,18
1272,14.0,Huddersfield,1–2,Brighton,18
1273,14.0,Crystal Palace,2–0,Burnley,18
1274,14.0,Manchester City,3–1,Bournemouth,18
1275,14.0,Newcastle Utd,0–3,West Ham,18
1276,14.0,Southampton,2–2,Manchester Utd,18
1277,14.0,Chelsea,2–0,Fulham,18
1278,14.0,Arsenal,4–2,Tottenham,18
1279,14.0,Liverpool,1–0,Everton,18
1280,15.0,West Ham,3–1,Cardiff City,18
1281,15.0,Brighton,3–1,Crystal Palace,18
1282,15.0,Bournemouth,2–1,Huddersfield,18
1283,15.0,Watford,1–2,Manchester City,18
1284,15.0,Everton,1–1,Newcastle Utd,18
1285,15.0,Fulham,1–1,Leicester City,18
1286,15.0,Wolves,2–1,Chelsea,18
1287,15.0,Burnley,1–3,Liverpool,18
1288,15.0,Manchester Utd,2–2,Arsenal,18
1289,15.0,Tottenham,3–1,Southampton,18
1290,16.0,Bournemouth,0–4,Liverpool,18
1291,16.0,Cardiff City,1–0,Southampton,18
1292,16.0,Manchester Utd,4–1,Fulham,18
1293,16.0,Arsenal,1–0,Huddersfield,18
1294,16.0,West Ham,3–2,Crystal Palace,18
1295,16.0,Burnley,1–0,Brighton,18
1296,16.0,Chelsea,2–0,Manchester City,18
1297,16.0,Leicester City,0–2,Tottenham,18
1298,16.0,Newcastle Utd,1–2,Wolves,18
1299,16.0,Everton,2–2,Watford,18
1300,17.0,Manchester City,3–1,Everton,18
1301,17.0,Wolves,2–0,Bournemouth,18
1302,17.0,Tottenham,1–0,Burnley,18
1303,17.0,Huddersfield,0–1,Newcastle Utd,18
1304,17.0,Crystal Palace,1–0,Leicester City,18
1305,17.0,Watford,3–2,Cardiff City,18
1306,17.0,Fulham,0–2,West Ham,18
1307,17.0,Southampton,3–2,Arsenal,18
1308,17.0,Brighton,1–2,Chelsea,18
1309,17.0,Liverpool,3–1,Manchester Utd,18
1310,18.0,Wolves,0–2,Liverpool,18
1311,18.0,Arsenal,3–1,Burnley,18
1312,18.0,Newcastle Utd,0–0,Fulham,18
1313,18.0,Chelsea,0–1,Leicester City,18
1314,18.0,Bournemouth,2–0,Brighton,18
1315,18.0,West Ham,0–2,Watford,18
1316,18.0,Manchester City,2–3,Crystal Palace,18
1317,18.0,Huddersfield,1–3,Southampton,18
1318,18.0,Cardiff City,1–5,Manchester Utd,18
1319,18.0,Everton,2–6,Tottenham,18
1320,19.0,Fulham,1–1,Wolves,18
1321,19.0,Tottenham,5–0,Bournemouth,18
1322,19.0,Manchester Utd,3–1,Huddersfield,18
1323,19.0,Burnley,1–5,Everton,18
1324,19.0,Crystal Palace,0–0,Cardiff City,18
1325,19.0,Liverpool,4–0,Newcastle Utd,18
1326,19.0,Leicester City,2–1,Manchester City,18
1327,19.0,Brighton,1–1,Arsenal,18
1328,19.0,Watford,1–2,Chelsea,18
1329,19.0,Southampton,1–2,West Ham,18
1330,20.0,Brighton,1–0,Everton,18
1331,20.0,Watford,1–1,Newcastle Utd,18
1332,20.0,Leicester City,0–1,Cardiff City,18
1333,20.0,Tottenham,1–3,Wolves,18
1334,20.0,Fulham,1–0,Huddersfield,18
1335,20.0,Liverpool,5–1,Arsenal,18
1336,20.0,Crystal Palace,0–1,Chelsea,18
1337,20.0,Southampton,1–3,Manchester City,18
1338,20.0,Burnley,2–0,West Ham,18
1339,20.0,Manchester Utd,4–1,Bournemouth,18
1340,21.0,Everton,0–1,Leicester City,18
1341,21.0,Arsenal,4–1,Fulham,18
1342,21.0,Cardiff City,0–3,Tottenham,18
1343,21.0,Huddersfield,1–2,Burnley,18
1344,21.0,Wolves,0–2,Crystal Palace,18
1345,21.0,Bournemouth,3–3,Watford,18
1346,21.0,West Ham,2–2,Brighton,18
1347,21.0,Chelsea,0–0,Southampton,18
1348,21.0,Newcastle Utd,0–2,Manchester Utd,18
1349,21.0,Manchester City,2–1,Liverpool,18
1350,22.0,West Ham,1–0,Arsenal,18
1351,22.0,Burnley,2–1,Fulham,18
1352,22.0,Cardiff City,0–0,Huddersfield,18
1353,22.0,Crystal Palace,1–2,Watford,18
1354,22.0,Brighton,0–1,Liverpool,18
1355,22.0,Leicester City,1–2,Southampton,18
1356,22.0,Chelsea,2–1,Newcastle Utd,18
1357,22.0,Everton,2–0,Bournemouth,18
1358,22.0,Tottenham,0–1,Manchester Utd,18
1359,22.0,Manchester City,3–0,Wolves,18
1360,23.0,Wolves,4–3,Leicester City,18
1361,23.0,Newcastle Utd,3–0,Cardiff City,18
1362,23.0,Liverpool,4–3,Crystal Palace,18
1363,23.0,Manchester Utd,2–1,Brighton,18
1364,23.0,Watford,0–0,Burnley,18
1365,23.0,Bournemouth,2–0,West Ham,18
1366,23.0,Southampton,2–1,Everton,18
1367,23.0,Arsenal,2–0,Chelsea,18
1368,23.0,Huddersfield,0–3,Manchester City,18
1369,23.0,Fulham,1–2,Tottenham,18
1370,24.0,Arsenal,2–1,Cardiff City,18
1371,24.0,Fulham,4–2,Brighton,18
1372,24.0,Wolves,3–0,West Ham,18
1373,24.0,Huddersfield,0–1,Everton,18
1374,24.0,Newcastle Utd,2–1,Manchester City,18
1375,24.0,Manchester Utd,2–2,Burnley,18
1376,24.0,Bournemouth,4–0,Chelsea,18
1377,24.0,Southampton,1–1,Crystal Palace,18
1378,24.0,Liverpool,1–1,Leicester City,18
1379,24.0,Tottenham,2–1,Watford,18
1380,25.0,Tottenham,1–0,Newcastle Utd,18
1381,25.0,Everton,1–3,Wolves,18
1382,25.0,Chelsea,5–0,Huddersfield,18
1383,25.0,Brighton,0–0,Watford,18
1384,25.0,Crystal Palace,2–0,Fulham,18
1385,25.0,Burnley,1–1,Southampton,18
1386,25.0,Cardiff City,2–0,Bournemouth,18
1387,25.0,Leicester City,0–1,Manchester Utd,18
1388,25.0,Manchester City,3–1,Arsenal,18
1389,25.0,West Ham,1–1,Liverpool,18
1390,26.0,Fulham,0–3,Manchester Utd,18
1391,26.0,Huddersfield,1–2,Arsenal,18
1392,26.0,Southampton,1–2,Cardiff City,18
1393,26.0,Watford,1–0,Everton,18
1394,26.0,Crystal Palace,1–1,West Ham,18
1395,26.0,Liverpool,3–0,Bournemouth,18
1396,26.0,Brighton,1–3,Burnley,18
1397,26.0,Tottenham,3–1,Leicester City,18
1398,26.0,Manchester City,6–0,Chelsea,18
1399,26.0,Wolves,1–1,Newcastle Utd,18
1400,27.0,Everton,0–2,Manchester City,18
1401,27.0,Cardiff City,1–5,Watford,18
1402,27.0,West Ham,3–1,Fulham,18
1403,27.0,Burnley,2–1,Tottenham,18
1404,27.0,Bournemouth,1–1,Wolves,18
1405,27.0,Newcastle Utd,2–0,Huddersfield,18
1406,27.0,Leicester City,1–4,Crystal Palace,18
1407,27.0,Arsenal,2–0,Southampton,18
1408,27.0,Manchester Utd,0–0,Liverpool,18
1409,27.0,Chelsea,3–0,Brighton,18
1410,28.0,Leicester City,2–1,Brighton,18
1411,28.0,Huddersfield,1–0,Wolves,18
1412,28.0,Cardiff City,0–3,Everton,18
1413,28.0,Newcastle Utd,2–0,Burnley,18
1414,28.0,Arsenal,5–1,Bournemouth,18
1415,28.0,Southampton,2–0,Fulham,18
1416,28.0,Manchester City,1–0,West Ham,18
1417,28.0,Chelsea,2–0,Tottenham,18
1418,28.0,Liverpool,5–0,Watford,18
1419,28.0,Crystal Palace,1–3,Manchester Utd,18
1420,29.0,Tottenham,1–1,Arsenal,18
1421,29.0,Bournemouth,0–1,Manchester City,18
1422,29.0,Wolves,2–0,Cardiff City,18
1423,29.0,Manchester Utd,3–2,Southampton,18
1424,29.0,Burnley,1–3,Crystal Palace,18
1425,29.0,Brighton,1–0,Huddersfield,18
1426,29.0,West Ham,2–0,Newcastle Utd,18
1427,29.0,Watford,2–1,Leicester City,18
1428,29.0,Fulham,1–2,Chelsea,18
1429,29.0,Everton,0–0,Liverpool,18
1430,30.0,Crystal Palace,1–2,Brighton,18
1431,30.0,Leicester City,3–1,Fulham,18
1432,30.0,Cardiff City,2–0,West Ham,18
1433,30.0,Newcastle Utd,3–2,Everton,18
1434,30.0,Southampton,2–1,Tottenham,18
1435,30.0,Huddersfield,0–2,Bournemouth,18
1436,30.0,Manchester City,3–1,Watford,18
1437,30.0,Liverpool,4–2,Burnley,18
1438,30.0,Chelsea,1–1,Wolves,18
1439,30.0,Arsenal,2–0,Manchester Utd,18
1440,31.0,Bournemouth,2–2,Newcastle Utd,18
1441,31.0,Burnley,1–2,Leicester City,18
1442,31.0,West Ham,4–3,Huddersfield,18
1443,31.0,Fulham,1–2,Liverpool,18
1444,31.0,Everton,2–0,Chelsea,18
1445,31.0,Tottenham,2–0,Crystal Palace,18
1446,31.0,Brighton,0–2,Cardiff City,18
1447,31.0,Watford,1–1,Southampton,18
1448,31.0,Wolves,3–1,Arsenal,18
1449,31.0,Manchester Utd,0–2,Manchester City,18
1450,32.0,Fulham,0–2,Manchester City,18
1451,32.0,Burnley,2–0,Wolves,18
1452,32.0,Brighton,0–1,Southampton,18
1453,32.0,Crystal Palace,2–0,Huddersfield,18
1454,32.0,Manchester Utd,2–1,Watford,18
1455,32.0,Leicester City,2–0,Bournemouth,18
1456,32.0,West Ham,0–2,Everton,18
1457,32.0,Cardiff City,1–2,Chelsea,18
1458,32.0,Liverpool,2–1,Tottenham,18
1459,32.0,Arsenal,2–0,Newcastle Utd,18
1460,33.0,Watford,4–1,Fulham,18
1461,33.0,Wolves,2–1,Manchester Utd,18
1462,33.0,Manchester City,2–0,Cardiff City,18
1463,33.0,Southampton,1–3,Liverpool,18
1464,33.0,Bournemouth,1–3,Burnley,18
1465,33.0,Newcastle Utd,0–1,Crystal Palace,18
1466,33.0,Huddersfield,1–4,Leicester City,18
1467,33.0,Everton,1–0,Arsenal,18
1468,33.0,Chelsea,2–0,West Ham,18
1469,33.0,Tottenham,1–0,Brighton,18
1470,34.0,Leicester City,0–1,Newcastle Utd,18
1471,34.0,Tottenham,4–0,Huddersfield,18
1472,34.0,Southampton,3–1,Wolves,18
1473,34.0,Fulham,2–0,Everton,18
1474,34.0,Brighton,0–5,Bournemouth,18
1475,34.0,Burnley,2–0,Cardiff City,18
1476,34.0,Manchester Utd,2–1,West Ham,18
1477,34.0,Crystal Palace,1–3,Manchester City,18
1478,34.0,Liverpool,2–0,Chelsea,18
1479,34.0,Watford,0–1,Arsenal,18
1480,35.0,Manchester City,1–0,Tottenham,18
1481,35.0,Wolves,0–0,Brighton,18
1482,35.0,West Ham,2–2,Leicester City,18
1483,35.0,Huddersfield,1–2,Watford,18
1484,35.0,Bournemouth,0–1,Fulham,18
1485,35.0,Newcastle Utd,3–1,Southampton,18
1486,35.0,Everton,4–0,Manchester Utd,18
1487,35.0,Arsenal,2–3,Crystal Palace,18
1488,35.0,Cardiff City,0–2,Liverpool,18
1489,35.0,Chelsea,2–2,Burnley,18
1490,36.0,Liverpool,5–0,Huddersfield,18
1491,36.0,Tottenham,0–1,West Ham,18
1492,36.0,Southampton,3–3,Bournemouth,18
1493,36.0,Crystal Palace,0–0,Everton,18
1494,36.0,Fulham,1–0,Cardiff City,18
1495,36.0,Watford,1–2,Wolves,18
1496,36.0,Brighton,1–1,Newcastle Utd,18
1497,36.0,Leicester City,3–0,Arsenal,18
1498,36.0,Burnley,0–1,Manchester City,18
1499,36.0,Manchester Utd,1–1,Chelsea,18
1500,37.0,Everton,2–0,Burnley,18
1501,37.0,Bournemouth,1–0,Tottenham,18
1502,37.0,Wolves,1–0,Fulham,18
1503,37.0,West Ham,3–0,Southampton,18
1504,37.0,Cardiff City,2–3,Crystal Palace,18
1505,37.0,Newcastle Utd,2–3,Liverpool,18
1506,37.0,Huddersfield,1–1,Manchester Utd,18
1507,37.0,Chelsea,3–0,Watford,18
1508,37.0,Arsenal,1–1,Brighton,18
1509,37.0,Manchester City,1–0,Leicester City,18
1510,38.0,Burnley,1–3,Arsenal,18
1511,38.0,Fulham,0–4,Newcastle Utd,18
1512,38.0,Leicester City,0–0,Chelsea,18
1513,38.0,Liverpool,2–0,Wolves,18
1514,38.0,Crystal Palace,5–3,Bournemouth,18
1515,38.0,Tottenham,2–2,Everton,18
1516,38.0,Watford,1–4,West Ham,18
1517,38.0,Manchester Utd,0–2,Cardiff City,18
1518,38.0,Southampton,1–1,Huddersfield,18
1519,38.0,Brighton,1–4,Manchester City,18
1520,1.0,Liverpool,4–1,Norwich City,19
1521,1.0,West Ham,0–5,Manchester City,19
1522,1.0,Burnley,3–0,Southampton,19
1523,1.0,Bournemouth,1–1,Sheffield Utd,19
1524,1.0,Watford,0–3,Brighton,19
1525,1.0,Crystal Palace,0–0,Everton,19
1526,1.0,Tottenham,3–1,Aston Villa,19
1527,1.0,Leicester City,0–0,Wolves,19
1528,1.0,Newcastle Utd,0–1,Arsenal,19
1529,1.0,Manchester Utd,4–0,Chelsea,19
1530,2.0,Arsenal,2–1,Burnley,19
1531,2.0,Norwich City,3–1,Newcastle Utd,19
1532,2.0,Brighton,1–1,West Ham,19
1533,2.0,Everton,1–0,Watford,19
1534,2.0,Southampton,1–2,Liverpool,19
1535,2.0,Aston Villa,1–2,Bournemouth,19
1536,2.0,Manchester City,2–2,Tottenham,19
1537,2.0,Sheffield Utd,1–0,Crystal Palace,19
1538,2.0,Chelsea,1–1,Leicester City,19
1539,2.0,Wolves,1–1,Manchester Utd,19
1540,3.0,Aston Villa,2–0,Everton,19
1541,3.0,Norwich City,2–3,Chelsea,19
1542,3.0,Sheffield Utd,1–2,Leicester City,19
1543,3.0,Brighton,0–2,Southampton,19
1544,3.0,Watford,1–3,West Ham,19
1545,3.0,Manchester Utd,1–2,Crystal Palace,19
1546,3.0,Liverpool,3–1,Arsenal,19
1547,3.0,Bournemouth,1–3,Manchester City,19
1548,3.0,Tottenham,0–1,Newcastle Utd,19
1549,3.0,Wolves,1–1,Burnley,19
1550,4.0,Southampton,1–1,Manchester Utd,19
1551,4.0,Manchester City,4–0,Brighton,19
1552,4.0,West Ham,2–0,Norwich City,19
1553,4.0,Leicester City,3–1,Bournemouth,19
1554,4.0,Newcastle Utd,1–1,Watford,19
1555,4.0,Chelsea,2–2,Sheffield Utd,19
1556,4.0,Crystal Palace,1–0,Aston Villa,19
1557,4.0,Burnley,0–3,Liverpool,19
1558,4.0,Everton,3–2,Wolves,19
1559,4.0,Arsenal,2–2,Tottenham,19
1560,5.0,Liverpool,3–1,Newcastle Utd,19
1561,5.0,Brighton,1–1,Burnley,19
1562,5.0,Sheffield Utd,0–1,Southampton,19
1563,5.0,Wolves,2–5,Chelsea,19
1564,5.0,Manchester Utd,1–0,Leicester City,19
1565,5.0,Tottenham,4–0,Crystal Palace,19
1566,5.0,Norwich City,3–2,Manchester City,19
1567,5.0,Bournemouth,3–1,Everton,19
1568,5.0,Watford,2–2,Arsenal,19
1569,5.0,Aston Villa,0–0,West Ham,19
1570,6.0,Southampton,1–3,Bournemouth,19
1571,6.0,Leicester City,2–1,Tottenham,19
1572,6.0,Burnley,2–0,Norwich City,19
1573,6.0,Everton,0–2,Sheffield Utd,19
1574,6.0,Manchester City,8–0,Watford,19
1575,6.0,Newcastle Utd,0–0,Brighton,19
1576,6.0,Crystal Palace,1–1,Wolves,19
1577,6.0,West Ham,2–0,Manchester Utd,19
1578,6.0,Chelsea,1–2,Liverpool,19
1579,6.0,Arsenal,3–2,Aston Villa,19
1580,7.0,Sheffield Utd,0–1,Liverpool,19
1581,7.0,Crystal Palace,2–0,Norwich City,19
1582,7.0,Chelsea,2–0,Brighton,19
1583,7.0,Bournemouth,2–2,West Ham,19
1584,7.0,Aston Villa,2–2,Burnley,19
1585,7.0,Wolves,2–0,Watford,19
1586,7.0,Tottenham,2–1,Southampton,19
1587,7.0,Everton,1–3,Manchester City,19
1588,7.0,Leicester City,5–0,Newcastle Utd,19
1589,7.0,Manchester Utd,1–1,Arsenal,19
1590,8.0,Brighton,3–0,Tottenham,19
1591,8.0,Norwich City,1–5,Aston Villa,19
1592,8.0,Liverpool,2–1,Leicester City,19
1593,8.0,Watford,0–0,Sheffield Utd,19
1594,8.0,Burnley,1–0,Everton,19
1595,8.0,West Ham,1–2,Crystal Palace,19
1596,8.0,Manchester City,0–2,Wolves,19
1597,8.0,Southampton,1–4,Chelsea,19
1598,8.0,Arsenal,1–0,Bournemouth,19
1599,8.0,Newcastle Utd,1–0,Manchester Utd,19
1600,9.0,Everton,2–0,West Ham,19
1601,9.0,Wolves,1–1,Southampton,19
1602,9.0,Leicester City,2–1,Burnley,19
1603,9.0,Tottenham,1–1,Watford,19
1604,9.0,Bournemouth,0–0,Norwich City,19
1605,9.0,Aston Villa,2–1,Brighton,19
1606,9.0,Chelsea,1–0,Newcastle Utd,19
1607,9.0,Crystal Palace,0–2,Manchester City,19
1608,9.0,Manchester Utd,1–1,Liverpool,19
1609,9.0,Sheffield Utd,1–0,Arsenal,19
1610,10.0,Southampton,0–9,Leicester City,19
1611,10.0,Manchester City,3–0,Aston Villa,19
1612,10.0,Brighton,3–2,Everton,19
1613,10.0,West Ham,1–1,Sheffield Utd,19
1614,10.0,Watford,0–0,Bournemouth,19
1615,10.0,Burnley,2–4,Chelsea,19
1616,10.0,Newcastle Utd,1–1,Wolves,19
1617,10.0,Liverpool,2–1,Tottenham,19
1618,10.0,Arsenal,2–2,Crystal Palace,19
1619,10.0,Norwich City,1–3,Manchester Utd,19
1620,11.0,Bournemouth,1–0,Manchester Utd,19
1621,11.0,Arsenal,1–1,Wolves,19
1622,11.0,Sheffield Utd,3–0,Burnley,19
1623,11.0,Brighton,2–0,Norwich City,19
1624,11.0,West Ham,2–3,Newcastle Utd,19
1625,11.0,Manchester City,2–1,Southampton,19
1626,11.0,Aston Villa,1–2,Liverpool,19
1627,11.0,Watford,1–2,Chelsea,19
1628,11.0,Crystal Palace,0–2,Leicester City,19
1629,11.0,Everton,1–1,Tottenham,19
1630,12.0,Norwich City,0–2,Watford,19
1631,12.0,Chelsea,2–0,Crystal Palace,19
1632,12.0,Newcastle Utd,2–1,Bournemouth,19
1633,12.0,Burnley,3–0,West Ham,19
1634,12.0,Tottenham,1–1,Sheffield Utd,19
1635,12.0,Southampton,1–2,Everton,19
1636,12.0,Leicester City,2–0,Arsenal,19
1637,12.0,Wolves,2–1,Aston Villa,19
1638,12.0,Manchester Utd,3–1,Brighton,19
1639,12.0,Liverpool,3–1,Manchester City,19
1640,13.0,West Ham,2–3,Tottenham,19
1641,13.0,Arsenal,2–2,Southampton,19
1642,13.0,Everton,0–2,Norwich City,19
1643,13.0,Crystal Palace,1–2,Liverpool,19
1644,13.0,Watford,0–3,Burnley,19
1645,13.0,Bournemouth,1–2,Wolves,19
1646,13.0,Brighton,0–2,Leicester City,19
1647,13.0,Manchester City,2–1,Chelsea,19
1648,13.0,Sheffield Utd,3–3,Manchester Utd,19
1649,13.0,Aston Villa,2–0,Newcastle Utd,19
1650,14.0,Newcastle Utd,2–2,Manchester City,19
1651,14.0,Liverpool,2–1,Brighton,19
1652,14.0,Burnley,0–2,Crystal Palace,19
1653,14.0,Chelsea,0–1,West Ham,19
1654,14.0,Tottenham,3–2,Bournemouth,19
1655,14.0,Southampton,2–1,Watford,19
1656,14.0,Norwich City,2–2,Arsenal,19
1657,14.0,Wolves,1–1,Sheffield Utd,19
1658,14.0,Leicester City,2–1,Everton,19
1659,14.0,Manchester Utd,2–2,Aston Villa,19
1660,15.0,Crystal Palace,1–0,Bournemouth,19
1661,15.0,Burnley,1–4,Manchester City,19
1662,15.0,Wolves,2–0,West Ham,19
1663,15.0,Leicester City,2–0,Watford,19
1664,15.0,Southampton,2–1,Norwich City,19
1665,15.0,Manchester Utd,2–1,Tottenham,19
1666,15.0,Chelsea,2–1,Aston Villa,19
1667,15.0,Liverpool,5–2,Everton,19
1668,15.0,Sheffield Utd,0–2,Newcastle Utd,19
1669,15.0,Arsenal,1–2,Brighton,19
1670,16.0,Everton,3–1,Chelsea,19
1671,16.0,Tottenham,5–0,Burnley,19
1672,16.0,Watford,0–0,Crystal Palace,19
1673,16.0,Bournemouth,0–3,Liverpool,19
1674,16.0,Manchester City,1–2,Manchester Utd,19
1675,16.0,Norwich City,1–2,Sheffield Utd,19
1676,16.0,Newcastle Utd,2–1,Southampton,19
1677,16.0,Aston Villa,1–4,Leicester City,19
1678,16.0,Brighton,2–2,Wolves,19
1679,16.0,West Ham,1–3,Arsenal,19
1680,17.0,Liverpool,2–0,Watford,19
1681,17.0,Sheffield Utd,2–0,Aston Villa,19
1682,17.0,Chelsea,0–1,Bournemouth,19
1683,17.0,Leicester City,1–1,Norwich City,19
1684,17.0,Burnley,1–0,Newcastle Utd,19
1685,17.0,Southampton,0–1,West Ham,19
1686,17.0,Manchester Utd,1–1,Everton,19
1687,17.0,Wolves,1–2,Tottenham,19
1688,17.0,Arsenal,0–3,Manchester City,19
1689,17.0,Crystal Palace,1–1,Brighton,19
1690,18.0,Everton,0–0,Arsenal,19
1691,18.0,Brighton,0–1,Sheffield Utd,19
1692,18.0,Norwich City,1–2,Wolves,19
1693,18.0,Aston Villa,1–3,Southampton,19
1694,18.0,Newcastle Utd,1–0,Crystal Palace,19
1695,18.0,Bournemouth,0–1,Burnley,19
1696,18.0,Manchester City,3–1,Leicester City,19
1697,18.0,Watford,2–0,Manchester Utd,19
1698,18.0,Tottenham,0–2,Chelsea,19
1699,18.0,West Ham,0–2,Liverpool,19
1700,19.0,Tottenham,2–1,Brighton,19
1701,19.0,Aston Villa,1–0,Norwich City,19
1702,19.0,Crystal Palace,2–1,West Ham,19
1703,19.0,Chelsea,0–2,Southampton,19
1704,19.0,Sheffield Utd,1–1,Watford,19
1705,19.0,Everton,1–0,Burnley,19
1706,19.0,Bournemouth,1–1,Arsenal,19
1707,19.0,Manchester Utd,4–1,Newcastle Utd,19
1708,19.0,Leicester City,0–4,Liverpool,19
1709,19.0,Wolves,3–2,Manchester City,19
1710,20.0,Brighton,2–0,Bournemouth,19
1711,20.0,Watford,3–0,Aston Villa,19
1712,20.0,Southampton,1–1,Crystal Palace,19
1713,20.0,Newcastle Utd,1–2,Everton,19
1714,20.0,Norwich City,2–2,Tottenham,19
1715,20.0,West Ham,1–2,Leicester City,19
1716,20.0,Burnley,0–2,Manchester Utd,19
1717,20.0,Arsenal,1–2,Chelsea,19
1718,20.0,Liverpool,1–0,Wolves,19
1719,20.0,Manchester City,2–0,Sheffield Utd,19
1720,21.0,Brighton,1–1,Chelsea,19
1721,21.0,Burnley,1–2,Aston Villa,19
1722,21.0,Watford,2–1,Wolves,19
1723,21.0,Southampton,1–0,Tottenham,19
1724,21.0,Newcastle Utd,0–3,Leicester City,19
1725,21.0,Norwich City,1–1,Crystal Palace,19
1726,21.0,Manchester City,2–1,Everton,19
1727,21.0,West Ham,4–0,Bournemouth,19
1728,21.0,Arsenal,2–0,Manchester Utd,19
1729,21.0,Liverpool,2–0,Sheffield Utd,19
1730,22.0,Sheffield Utd,1–0,West Ham,19
1731,22.0,Crystal Palace,1–1,Arsenal,19
1732,22.0,Manchester Utd,4–0,Norwich City,19
1733,22.0,Chelsea,3–0,Burnley,19
1734,22.0,Leicester City,1–2,Southampton,19
1735,22.0,Wolves,1–1,Newcastle Utd,19
1736,22.0,Everton,1–0,Brighton,19
1737,22.0,Tottenham,0–1,Liverpool,19
1738,22.0,Bournemouth,0–3,Watford,19
1739,22.0,Aston Villa,1–6,Manchester City,19
1740,23.0,Watford,0–0,Tottenham,19
1741,23.0,West Ham,1–1,Everton,19
1742,23.0,Southampton,2–3,Wolves,19
1743,23.0,Arsenal,1–1,Sheffield Utd,19
1744,23.0,Norwich City,1–0,Bournemouth,19
1745,23.0,Manchester City,2–2,Crystal Palace,19
1746,23.0,Brighton,1–1,Aston Villa,19
1747,23.0,Newcastle Utd,1–0,Chelsea,19
1748,23.0,Burnley,2–1,Leicester City,19
1749,23.0,Liverpool,2–0,Manchester Utd,19
1750,24.0,Crystal Palace,0–2,Southampton,19
1751,24.0,Sheffield Utd,0–1,Manchester City,19
1752,24.0,Everton,2–2,Newcastle Utd,19
1753,24.0,Bournemouth,3–1,Brighton,19
1754,24.0,Aston Villa,2–1,Watford,19
1755,24.0,Chelsea,2–2,Arsenal,19
1756,24.0,Tottenham,2–1,Norwich City,19
1757,24.0,Leicester City,4–1,West Ham,19
1758,24.0,Manchester Utd,0–2,Burnley,19
1759,24.0,Wolves,1–2,Liverpool,19
1760,25.0,Leicester City,2–2,Chelsea,19
1761,25.0,Liverpool,4–0,Southampton,19
1762,25.0,Crystal Palace,0–1,Sheffield Utd,19
1763,25.0,Bournemouth,2–1,Aston Villa,19
1764,25.0,Watford,2–3,Everton,19
1765,25.0,West Ham,3–3,Brighton,19
1766,25.0,Newcastle Utd,0–0,Norwich City,19
1767,25.0,Manchester Utd,0–0,Wolves,19
1768,25.0,Burnley,0–0,Arsenal,19
1769,25.0,Tottenham,2–0,Manchester City,19
1770,26.0,Everton,3–1,Crystal Palace,19
1771,26.0,Brighton,1–1,Watford,19
1772,26.0,Sheffield Utd,2–1,Bournemouth,19
1773,26.0,Wolves,0–0,Leicester City,19
1774,26.0,Southampton,1–2,Burnley,19
1775,26.0,Norwich City,0–1,Liverpool,19
1776,26.0,Aston Villa,2–3,Tottenham,19
1777,26.0,Arsenal,4–0,Newcastle Utd,19
1778,26.0,Chelsea,0–2,Manchester Utd,19
1779,26.0,Manchester City,2–0,West Ham,19
1780,27.0,Chelsea,2–1,Tottenham,19
1781,27.0,Sheffield Utd,1–1,Brighton,19
1782,27.0,Southampton,2–0,Aston Villa,19
1783,27.0,Crystal Palace,1–0,Newcastle Utd,19
1784,27.0,Burnley,3–0,Bournemouth,19
1785,27.0,Leicester City,0–1,Manchester City,19
1786,27.0,Wolves,3–0,Norwich City,19
1787,27.0,Manchester Utd,3–0,Watford,19
1788,27.0,Arsenal,3–2,Everton,19
1789,27.0,Liverpool,3–2,West Ham,19
1790,28.0,Norwich City,1–0,Leicester City,19
1791,28.0,Brighton,0–1,Crystal Palace,19
1792,28.0,Newcastle Utd,0–0,Burnley,19
1793,28.0,West Ham,3–1,Southampton,19
1794,28.0,Aston Villa,,Sheffield Utd,19
1795,28.0,Bournemouth,2–2,Chelsea,19
1796,28.0,Watford,3–0,Liverpool,19
1797,28.0,Everton,1–1,Manchester Utd,19
1798,28.0,Tottenham,2–3,Wolves,19
1799,28.0,Manchester City,,Arsenal,19
1800,29.0,Liverpool,2–1,Bournemouth,19
1801,29.0,Southampton,0–1,Newcastle Utd,19
1802,29.0,Crystal Palace,1–0,Watford,19
1803,29.0,Sheffield Utd,1–0,Norwich City,19
1804,29.0,Arsenal,1–0,West Ham,19
1805,29.0,Wolves,0–0,Brighton,19
1806,29.0,Burnley,1–1,Tottenham,19
1807,29.0,Chelsea,4–0,Everton,19
1808,29.0,Manchester Utd,2–0,Manchester City,19
1809,29.0,Leicester City,4–0,Aston Villa,19
